date,open,high,low,close,change_pct
2018-06-26,1054.5,1058.08,1051.31,1054.21,0.23
2018-06-27,1056.82,1063.01,1044.92,1044.92,-0.88
2018-06-28,1045.12,1054.6,1042.03,1051.6,0.64
2018-06-29,1056.24,1061.85,1052.66,1052.76,0.11
2018-07-02,1045.7,1055.46,1044.73,1055.17,0.23
2018-07-03,1058.76,1059.14,1049.18,1050.78,-0.42
2018-07-05,1056.34,1059.72,1051.12,1059.34,0.81
2018-07-06,1059.34,1070.07,1057.98,1068.23,0.84
2018-07-09,1073.07,1078.1,1072.78,1078.0,0.91
2018-07-10,1080.22,1082.26,1078.78,1081.38,0.31
2018-07-11,1074.9,1078.38,1072.48,1073.74,-0.71
2018-07-12,1079.36,1083.52,1076.55,1083.22,0.88
2018-07-13,1082.45,1085.55,1080.61,1084.38,0.11
2018-07-16,1084.38,1084.96,1081.38,1083.03,-0.12
2018-07-17,1079.84,1089.22,1079.64,1087.67,0.43
2018-07-18,1087.87,1090.13,1085.93,1089.8,0.2
2018-07-19,1086.22,1088.15,1083.32,1085.15,-0.43
2018-07-20,1084.48,1087.18,1083.52,1084.29,-0.08
2018-07-23,1083.27,1086.8,1081.77,1086.22,0.18
2018-07-24,1092.21,1095.21,1087.87,1091.25,0.46
2018-07-25,1090.47,1102.28,1090.38,1101.4,0.93
2018-07-26,1097.44,1101.12,1097.24,1097.83,-0.32
2018-07-27,1099.86,1099.86,1086.61,1090.67,-0.65
2018-07-30,1090.91,1091.54,1082.64,1084.48,-0.57
2018-07-31,1088.3,1092.8,1086.51,1089.51,0.46
2018-08-01,1090.87,1093.09,1085.35,1088.25,-0.12
2018-08-02,1081.38,1094.54,1081.29,1093.95,0.52
2018-08-03,1094.83,1098.69,1093.66,1098.6,0.43
2018-08-06,1098.02,1103.72,1096.95,1102.37,0.34
2018-08-07,1104.88,1107.6,1104.88,1105.86,0.32
2018-08-08,1105.28,1107.31,1103.72,1105.46,-0.04
2018-08-09,1105.57,1107.4,1103.43,1104.21,-0.11
2018-08-10,1097.83,1099.76,1093.28,1096.38,-0.71
2018-08-13,1097.44,1100.05,1090.96,1091.88,-0.41
2018-08-14,1095.31,1099.95,1093.66,1098.8,0.63
2018-08-15,1092.61,1093.47,1084.48,1090.29,-0.77
2018-08-16,1097.05,1103.14,1096.76,1099.57,0.85
2018-08-17,1098.51,1105.28,1096.76,1102.95,0.31
2018-08-20,1105.08,1106.62,1103.14,1105.57,0.24
2018-08-21,1107.6,1111.76,1107.4,1107.98,0.22
2018-08-22,1106.14,1109.53,1105.08,1107.69,-0.03
2018-08-23,1106.48,1110.01,1104.4,1105.57,-0.19
2018-08-24,1108.37,1113.01,1107.98,1112.43,0.62
2018-08-27,1117.36,1121.52,1116.97,1121.04,0.77
2018-08-28,1123.07,1123.55,1119.68,1121.23,0.02
2018-08-29,1122.68,1128.58,1121.52,1127.71,0.58
2018-08-30,1125.39,1126.84,1120.16,1122.59,-0.45
2018-08-31,1120.94,1124.62,1118.71,1122.59,0.0
2018-09-04,1120.56,1122.19,1116.3,1120.94,-0.15
2018-09-05,1119.05,1119.88,1113.2,1117.56,-0.3
2018-09-06,1117.65,1119.11,1109.53,1113.79,-0.34
2018-09-07,1109.34,1115.91,1108.37,1111.65,-0.19
2018-09-10,1116.11,1117.07,1112.82,1113.79,0.19
2018-09-11,1110.49,1119.11,1109.34,1117.46,0.33
2018-09-12,1116.88,1119.88,1114.08,1117.65,0.02
2018-09-13,1121.62,1124.52,1120.74,1123.84,0.55
2018-09-14,1124.66,1125.48,1120.65,1123.94,0.01
2018-09-17,1125.48,1125.68,1118.91,1120.07,-0.34
2018-09-18,1120.94,1128.67,1120.94,1126.45,0.57
2018-09-19,1126.45,1128.96,1125.78,1127.42,0.09
2018-09-20,1132.64,1137.48,1132.06,1136.03,0.76
2018-09-21,1138.93,1139.7,1134.48,1135.26,-0.07
2018-09-24,1132.26,1133.03,1128.78,1131.48,-0.33
2018-09-25,1133.41,1133.52,1129.07,1129.93,-0.14
2018-09-26,1130.52,1135.73,1125.0,1126.45,-0.31
2018-09-27,1128.67,1134.19,1127.33,1129.45,0.27
2018-09-28,1126.64,1131.58,1126.64,1129.16,-0.03
2018-10-01,1135.15,1138.06,1130.61,1133.32,0.37
2018-10-02,1132.64,1135.73,1131.19,1132.55,-0.07
2018-10-03,1136.99,1139.03,1131.77,1133.12,0.05
2018-10-04,1130.81,1131.1,1117.27,1123.84,-0.82
2018-10-05,1124.52,1127.22,1111.56,1117.65,-0.55
2018-10-08,1114.46,1119.39,1108.76,1117.94,0.03
2018-10-09,1116.11,1121.81,1113.79,1116.3,-0.15
2018-10-10,1113.88,1113.88,1079.26,1080.71,-3.19
2018-10-11,1075.68,1082.64,1049.47,1056.72,-2.22
2018-10-12,1074.13,1075.0,1057.02,1071.13,1.36
2018-10-15,1069.3,1074.81,1064.46,1065.13,-0.56
2018-10-16,1073.36,1089.12,1071.04,1087.96,2.14
2018-10-17,1087.96,1090.47,1076.74,1087.48,-0.04
2018-10-18,1083.81,1086.22,1066.49,1071.81,-1.44
2018-10-19,1075.1,1083.32,1068.71,1071.33,-0.04
2018-10-22,1074.23,1075.58,1064.27,1066.59,-0.44
2018-10-23,1049.86,1065.62,1041.63,1060.69,-0.55
2018-10-24,1059.34,1061.27,1026.26,1027.52,-3.13
2018-10-25,1036.22,1053.53,1032.06,1047.05,1.9
2018-10-26,1030.52,1041.54,1016.49,1027.9,-1.83
2018-10-29,1041.63,1047.15,1007.4,1021.9,-0.58
2018-10-30,1021.23,1039.22,1019.68,1038.15,1.59
2018-10-31,1049.28,1058.76,1047.15,1048.69,1.02
2018-11-01,1052.47,1060.4,1047.63,1060.11,1.09
2018-11-02,1063.88,1066.3,1044.44,1052.47,-0.72
2018-11-05,1055.46,1061.37,1051.21,1058.85,0.61
2018-11-06,1058.66,1066.3,1058.37,1065.62,0.64
2018-11-07,1075.1,1088.93,1073.36,1088.35,2.13
2018-11-08,1085.35,1089.12,1081.29,1085.93,-0.22
2018-11-09,1080.42,1081.19,1069.59,1075.87,-0.93
2018-11-12,1073.26,1074.23,1053.24,1054.98,-1.94
2018-11-13,1057.2,1065.91,1050.34,1053.34,-0.16
2018-11-14,1061.46,1063.11,1039.32,1045.8,-0.72
2018-11-15,1040.47,1058.66,1033.52,1056.82,1.05
2018-11-16,1051.79,1062.91,1049.76,1059.14,0.22
2018-11-19,1056.62,1057.02,1037.48,1041.25,-1.69
2018-11-20,1026.74,1032.93,1018.42,1023.16,-1.74
2018-11-21,1028.48,1033.32,1025.29,1025.39,0.22
2018-11-23,1017.94,1024.13,1017.65,1018.23,-0.7
2018-11-26,1028.38,1034.58,1026.16,1034.29,1.58
2018-11-27,1029.64,1037.77,1027.33,1037.77,0.34
2018-11-28,1042.7,1061.56,1038.44,1061.56,2.29
2018-11-29,1058.27,1065.53,1053.58,1059.43,-0.2
2018-11-30,1058.95,1068.23,1057.49,1067.07,0.72
2018-12-03,1083.7,1083.99,1072.97,1079.64,1.18
2018-12-04,1076.45,1078.1,1043.57,1045.12,-3.2
2018-12-06,1027.62,1042.89,1014.26,1042.32,-0.27
2018-12-07,1041.25,1048.12,1014.95,1018.72,-2.26
2018-12-10,1017.85,1024.33,999.27,1020.55,0.18
2018-12-11,1034.58,1034.77,1014.17,1020.46,-0.01
2018-12-12,1033.12,1039.22,1025.39,1025.88,0.53
2018-12-13,1029.64,1033.22,1020.26,1025.78,-0.01
2018-12-14,1015.52,1019.49,1003.53,1006.24,-1.9
2018-12-17,1002.66,1007.78,980.23,986.71,-1.94
2018-12-18,994.25,997.05,979.25,986.12,-0.06
2018-12-19,986.22,1000.97,963.11,970.55,-1.58
2018-12-20,964.95,971.03,944.63,954.12,-1.69
2018-12-21,958.17,970.07,932.16,935.25,-1.98
2018-12-24,928.49,933.12,910.3,910.5,-2.65
2018-12-26,916.59,954.79,907.6,954.3,4.81
2018-12-27,941.45,962.62,927.51,962.62,0.87
2018-12-28,968.33,975.2,956.82,961.47,-0.12
2018-12-31,969.59,970.65,960.69,969.88,0.87
2019-01-02,954.88,974.9,954.5,971.23,0.14
2019-01-03,964.08,964.46,945.5,946.96,-2.5
2019-01-04,960.54,982.25,958.95,979.84,3.47
2019-01-07,980.71,993.09,976.64,986.41,0.67
2019-01-08,996.66,998.4,985.64,996.09,0.98
2019-01-09,999.86,1004.5,993.96,1000.14,0.41
2019-01-10,994.29,1005.27,991.15,1005.08,0.49
2019-01-11,999.96,1004.5,996.96,1004.3,-0.08
2019-01-14,996.28,1001.79,994.53,998.6,-0.57
2019-01-15,999.86,1011.08,999.86,1010.11,1.15
2019-01-16,1011.56,1015.91,1010.78,1011.95,0.18
2019-01-17,1008.17,1023.26,1007.98,1019.59,0.75
2019-01-18,1027.42,1035.15,1024.13,1033.52,1.37
2019-01-22,1026.74,1027.62,1012.43,1018.91,-1.41
2019-01-23,1023.75,1026.45,1010.69,1020.65,0.17
2019-01-24,1019.98,1023.93,1015.91,1021.72,0.1
2019-01-25,1029.45,1033.52,1027.71,1030.32,0.84
2019-01-28,1020.36,1022.39,1014.55,1022.39,-0.77
2019-01-29,1022.68,1024.9,1017.26,1020.85,-0.15
2019-01-30,1025.01,1040.47,1023.93,1036.7,1.55
2019-01-31,1036.7,1047.54,1035.55,1046.28,0.92
2019-02-01,1046.28,1050.54,1042.89,1046.38,0.01
2019-02-04,1045.89,1053.24,1043.47,1053.24,0.66
2019-02-05,1054.98,1058.94,1053.24,1058.08,0.46
2019-02-06,1056.72,1058.56,1053.14,1056.05,-0.19
2019-02-07,1049.28,1051.5,1038.93,1046.09,-0.94
2019-02-08,1041.06,1047.06,1037.09,1047.06,0.09
2019-02-11,1049.95,1051.21,1045.69,1048.02,0.09
2019-02-12,1054.88,1063.01,1054.6,1061.46,1.28
2019-02-13,1064.94,1068.23,1063.11,1064.46,0.28
2019-02-14,1059.62,1066.68,1056.34,1061.85,-0.25
2019-02-15,1069.78,1073.64,1068.91,1073.64,1.11
2019-02-19,1070.56,1078.29,1070.56,1075.3,0.15
2019-02-20,1075.1,1079.36,1073.16,1077.52,0.21
2019-02-21,1074.71,1075.88,1069.39,1073.26,-0.4
2019-02-22,1076.36,1080.99,1075.1,1080.12,0.64
2019-02-25,1086.32,1088.55,1081.29,1081.67,0.14
2019-02-26,1080.32,1084.48,1079.26,1080.61,-0.1
2019-02-27,1077.71,1081.58,1073.64,1080.32,-0.03
2019-02-28,1078.78,1080.81,1076.64,1077.33,-0.28
2019-03-01,1084.87,1086.32,1078.48,1084.77,0.69
2019-03-04,1089.61,1089.99,1070.65,1080.81,-0.37
2019-03-06,1079.26,1079.36,1071.04,1072.19,-0.8
2019-03-07,1070.07,1070.56,1059.53,1063.3,-0.83
2019-03-08,1054.6,1061.65,1053.14,1061.37,-0.18
2019-03-11,1066.2,1078.96,1065.91,1078.67,1.63
2019-03-12,1080.61,1084.38,1079.74,1081.96,0.3
2019-03-13,1086.12,1093.38,1085.35,1089.22,0.67
2019-03-14,1089.32,1091.06,1086.51,1088.55,-0.06
2019-03-15,1090.58,1097.06,1089.89,1093.86,0.49
2019-03-18,1094.83,1098.98,1093.86,1098.31,0.41
2019-03-19,1102.46,1105.76,1094.35,1098.51,0.02
2019-03-20,1093.95,1102.17,1090.09,1094.54,-0.36
2019-03-21,1090.96,1108.56,1090.96,1106.53,1.1
2019-03-22,1100.92,1103.14,1085.26,1085.44,-1.91
2019-03-25,1083.41,1089.03,1079.26,1084.58,-0.08
2019-03-26,1092.12,1096.66,1086.51,1092.21,0.7
2019-03-27,1092.8,1094.83,1080.03,1086.89,-0.49
2019-03-28,1089.41,1092.41,1084.19,1090.67,0.35
2019-03-29,1097.54,1098.69,1092.21,1098.31,0.7
2019-04-01,1106.43,1111.46,1104.88,1110.49,1.11
2019-04-02,1110.98,1111.65,1107.4,1110.79,0.03
2019-04-03,1115.62,1117.65,1109.91,1112.82,0.18
2019-04-04,1113.88,1116.3,1110.69,1115.28,0.22
2019-04-05,1118.04,1120.65,1116.88,1120.56,0.47
2019-04-08,1118.62,1121.52,1115.82,1121.52,0.09
2019-04-09,1116.97,1118.33,1113.11,1115.33,-0.55
2019-04-10,1117.16,1119.59,1115.42,1119.3,0.36
2019-04-11,1120.85,1120.85,1116.3,1118.82,-0.04
2019-04-12,1125.59,1127.52,1122.97,1126.55,0.69
2019-04-15,1126.74,1127.04,1122.1,1125.59,-0.09
2019-04-16,1129.16,1129.55,1123.74,1126.36,0.07
2019-04-17,1130.52,1130.52,1121.42,1123.36,-0.27
2019-04-18,1125.39,1126.26,1120.07,1125.1,0.15
2019-04-22,1122.01,1126.74,1121.42,1126.16,0.09
2019-04-23,1127.52,1137.18,1126.64,1136.03,0.88
2019-04-24,1135.84,1137.09,1132.93,1133.41,-0.23
2019-04-25,1133.03,1135.35,1127.42,1132.84,-0.05
2019-04-26,1132.55,1138.15,1129.36,1138.15,0.47
2019-04-29,1138.15,1141.73,1137.77,1139.32,0.1
2019-04-30,1137.47,1141.25,1131.96,1139.8,0.04
2019-05-01,1142.8,1143.47,1131.58,1131.58,-0.72
2019-05-02,1130.52,1134.48,1122.3,1129.16,-0.21
2019-05-03,1135.06,1140.67,1133.99,1139.61,0.93
2019-05-06,1120.36,1136.51,1120.07,1134.77,-0.42
2019-05-07,1124.42,1126.74,1107.4,1116.01,-1.65
2019-05-08,1114.37,1121.04,1111.46,1113.97,-0.18
2019-05-09,1104.21,1112.82,1097.24,1110.69,-0.29
2019-05-10,1106.62,1119.01,1093.28,1115.33,0.42
2019-05-13,1093.57,1097.73,1083.99,1088.06,-2.45
2019-05-14,1091.83,1103.92,1091.35,1096.86,0.81
2019-05-15,1090.18,1106.34,1089.32,1103.54,0.61
2019-05-16,1106.53,1119.49,1106.14,1112.91,0.85
2019-05-17,1104.02,1116.88,1104.02,1106.62,-0.57
2019-05-20,1098.51,1104.69,1095.8,1099.18,-0.67
2019-05-21,1106.05,1110.4,1105.08,1108.65,0.86
2019-05-22,1104.4,1109.23,1103.34,1105.46,-0.29
2019-05-23,1095.21,1095.31,1085.35,1092.21,-1.2
2019-05-24,1097.92,1099.38,1091.25,1093.47,0.12
2019-05-28,1095.4,1099.09,1084.19,1084.19,-0.85
2019-05-29,1077.42,1080.32,1070.16,1076.74,-0.69
2019-05-30,1078.96,1082.74,1074.22,1079.07,0.22
2019-05-31,1067.65,1071.33,1064.17,1064.75,-1.33
2019-06-03,1064.56,1069.11,1055.76,1060.88,-0.36
2019-06-04,1071.62,1084.96,1069.39,1084.58,2.23
2019-06-05,1091.25,1093.95,1083.61,1093.57,0.83
2019-06-06,1094.63,1103.63,1092.21,1100.43,0.63
2019-06-07,1104.79,1116.49,1104.5,1111.65,1.02
2019-06-10,1118.23,1124.04,1116.59,1117.16,0.5
2019-06-11,1124.81,1126.26,1113.88,1116.59,-0.05
2019-06-12,1115.82,1117.65,1112.34,1114.37,-0.2
2019-06-13,1117.75,1120.36,1115.23,1119.2,0.43
2019-06-14,1117.56,1120.16,1114.37,1117.37,-0.16
2019-06-17,1120.16,1122.88,1118.82,1119.39,0.18
2019-06-18,1127.13,1135.73,1125.88,1130.81,1.02
2019-06-19,1131.78,1136.03,1128.48,1134.1,0.29
2019-06-20,1145.21,1146.18,1135.73,1144.44,0.91
2019-06-21,1143.66,1148.6,1141.92,1143.38,-0.09
2019-06-24,1143.77,1144.92,1140.77,1141.35,-0.18
2019-06-25,1141.63,1141.63,1129.84,1130.61,-0.94
2019-06-26,1134.29,1136.03,1128.48,1128.96,-0.15
2019-06-27,1131.78,1134.77,1130.61,1132.93,0.35
2019-06-28,1136.89,1140.47,1134.58,1139.22,0.56
2019-07-01,1153.14,1153.43,1143.38,1147.73,0.75
2019-07-02,1148.02,1151.4,1144.63,1151.4,0.32
2019-07-03,1153.92,1160.31,1153.43,1160.2,0.76
2019-07-05,1154.79,1159.62,1149.47,1158.56,-0.14
2019-07-08,1153.05,1154.6,1150.34,1152.66,-0.51
2019-07-09,1147.73,1155.17,1147.35,1154.4,0.15
2019-07-10,1158.46,1163.39,1156.14,1159.23,0.42
2019-07-11,1161.76,1162.91,1157.69,1161.85,0.23
2019-07-12,1163.88,1167.37,1162.72,1167.16,0.46
2019-07-15,1168.42,1168.42,1165.42,1167.27,0.01
2019-07-16,1166.78,1167.75,1162.34,1163.3,-0.34
2019-07-17,1163.3,1164.08,1155.95,1155.95,-0.63
2019-07-18,1153.14,1161.08,1151.21,1159.62,0.32
2019-07-19,1163.88,1163.97,1152.28,1152.66,-0.6
2019-07-22,1154.69,1157.88,1152.37,1155.76,0.27
2019-07-23,1160.4,1163.59,1156.82,1163.49,0.67
2019-07-24,1160.2,1168.82,1160.02,1168.71,0.45
2019-07-25,1166.92,1167.07,1159.91,1162.62,-0.52
2019-07-26,1166.39,1171.9,1165.71,1171.13,0.73
2019-07-29,1170.36,1170.65,1166.59,1168.91,-0.19
2019-07-30,1161.94,1167.45,1161.17,1166.2,-0.23
2019-07-31,1166.68,1167.65,1144.44,1153.43,-1.1
2019-08-01,1152.86,1166.01,1139.12,1142.7,-0.93
2019-08-02,1138.55,1139.61,1127.13,1133.99,-0.76
2019-08-05,1115.13,1116.49,1091.25,1099.95,-3.0
2019-08-06,1108.08,1115.53,1101.12,1114.17,1.29
2019-08-07,1101.84,1118.42,1092.32,1115.13,0.09
2019-08-08,1121.71,1136.7,1119.11,1136.61,1.93
2019-08-09,1132.84,1135.44,1121.52,1128.67,-0.7
2019-08-12,1123.16,1125.01,1111.27,1115.33,-1.18
2019-08-13,1113.11,1138.84,1112.62,1132.16,1.51
2019-08-14,1114.94,1117.65,1098.4,1098.6,-2.96
2019-08-15,1100.05,1105.37,1092.99,1101.5,0.26
2019-08-16,1109.53,1119.78,1109.43,1117.65,1.47
2019-08-19,1131.38,1134.29,1128.0,1131.1,1.2
2019-08-20,1128.78,1131.29,1122.01,1122.78,-0.74
2019-08-21,1131.67,1133.22,1128.96,1131.19,0.75
2019-08-22,1134.29,1137.18,1123.55,1130.81,-0.03
2019-08-23,1125.59,1132.45,1096.38,1101.79,-2.57
2019-08-26,1111.37,1113.59,1104.69,1113.59,1.07
2019-08-27,1119.68,1121.62,1106.62,1109.82,-0.34
2019-08-28,1106.53,1118.04,1103.43,1117.27,0.67
2019-08-29,1128.29,1133.7,1123.93,1130.99,1.23
2019-08-30,1137.38,1137.77,1127.04,1130.99,0.0
2019-09-03,1123.84,1127.33,1119.68,1124.52,-0.57
2019-09-04,1133.52,1136.89,1130.22,1136.51,1.07
2019-09-05,1147.06,1154.88,1146.95,1151.31,1.3
2019-09-06,1153.05,1154.88,1149.86,1152.76,0.13
2019-09-09,1156.62,1156.62,1148.98,1152.46,-0.03
2019-09-10,1149.38,1152.08,1144.06,1152.08,-0.03
2019-09-11,1153.63,1160.79,1151.12,1160.79,0.76
2019-09-12,1164.27,1168.62,1161.08,1164.56,0.32
2019-09-13,1166.39,1167.75,1162.05,1163.49,-0.09
2019-09-16,1159.43,1162.53,1157.98,1160.88,-0.22
2019-09-17,1160.11,1163.97,1159.23,1163.68,0.24
2019-09-18,1162.23,1164.65,1153.14,1163.97,0.02
2019-09-19,1165.62,1169.97,1162.53,1163.49,-0.04
2019-09-20,1166.11,1167.45,1154.98,1157.49,-0.52
2019-09-23,1154.79,1160.79,1154.31,1158.17,0.06
2019-09-24,1162.43,1164.08,1144.54,1148.8,-0.81
2019-09-25,1148.89,1157.11,1142.7,1155.17,0.55
2019-09-26,1154.88,1155.95,1146.77,1152.46,-0.23
2019-09-27,1155.86,1156.34,1139.8,1146.38,-0.53
2019-09-30,1148.69,1154.69,1148.4,1152.37,0.52
2019-10-01,1155.37,1158.08,1136.89,1137.18,-1.32
2019-10-02,1130.41,1130.41,1111.85,1117.16,-1.76
2019-10-03,1115.71,1126.07,1104.5,1126.07,0.8
2019-10-04,1129.45,1142.32,1128.78,1141.25,1.35
2019-10-07,1138.06,1144.63,1135.26,1136.22,-0.44
2019-10-08,1128.1,1131.29,1118.53,1118.62,-1.55
2019-10-09,1127.52,1133.12,1124.62,1129.26,0.95
2019-10-10,1128.38,1140.47,1128.0,1136.51,0.64
2019-10-11,1148.8,1157.98,1148.02,1148.51,1.06
2019-10-14,1147.24,1149.86,1145.8,1147.15,-0.12
2019-10-15,1151.69,1161.76,1151.6,1158.94,1.03
2019-10-16,1156.34,1159.53,1154.79,1156.72,-0.19
2019-10-17,1161.56,1163.49,1157.11,1159.62,0.25
2019-10-18,1158.08,1160.2,1151.02,1154.88,-0.41
2019-10-21,1160.4,1163.3,1158.56,1162.72,0.68
2019-10-22,1165.13,1165.91,1158.37,1159.05,-0.32
2019-10-23,1157.88,1162.14,1156.62,1162.14,0.27
2019-10-24,1165.91,1166.39,1160.2,1163.79,0.14
2019-10-25,1161.08,1170.65,1161.08,1168.23,0.38
2019-10-28,1173.55,1177.04,1173.55,1174.81,0.56
2019-10-29,1173.36,1178.19,1173.07,1174.13,-0.06
2019-10-30,1174.9,1179.07,1169.78,1177.9,0.32
2019-10-31,1177.33,1177.42,1168.42,1174.52,-0.29
2019-11-01,1180.61,1185.35,1180.03,1185.35,0.92
2019-11-04,1192.12,1192.61,1188.63,1190.09,0.4
2019-11-05,1190.87,1192.21,1187.67,1188.73,-0.11
2019-11-06,1188.73,1189.99,1185.15,1189.32,0.05
2019-11-07,1194.63,1197.83,1191.06,1193.09,0.32
2019-11-08,1191.83,1195.89,1188.73,1195.8,0.23
2019-11-11,1190.29,1194.24,1189.51,1193.66,-0.18
2019-11-12,1195.12,1199.95,1192.8,1195.69,0.17
2019-11-13,1191.73,1198.02,1190.87,1196.28,0.05
2019-11-14,1194.73,1198.02,1192.32,1197.63,0.11
2019-11-15,1203.34,1206.53,1200.63,1206.53,0.74
2019-11-18,1205.37,1208.27,1203.54,1207.31,0.06
2019-11-19,1209.72,1209.72,1204.21,1206.72,-0.05
2019-11-20,1204.4,1206.34,1195.69,1201.98,-0.39
2019-11-21,1202.57,1202.86,1196.77,1200.63,-0.11
2019-11-22,1203.34,1203.72,1198.51,1202.76,0.18
2019-11-25,1207.02,1212.05,1206.82,1211.85,0.76
2019-11-26,1212.23,1215.42,1210.88,1214.85,0.25
2019-11-27,1216.59,1219.97,1215.71,1219.88,0.41
2019-11-29,1217.36,1218.62,1214.65,1215.62,-0.35
2019-12-02,1216.49,1216.68,1203.24,1205.17,-0.86
2019-12-03,1192.41,1197.15,1187.47,1196.57,-0.71
2019-12-04,1201.02,1206.72,1199.86,1204.12,0.63
2019-12-05,1206.62,1206.82,1200.63,1206.34,0.18
2019-12-06,1214.65,1218.91,1214.37,1217.16,0.9
2019-12-09,1215.71,1218.33,1213.01,1213.01,-0.34
2019-12-10,1213.2,1215.82,1209.23,1211.94,-0.09
2019-12-11,1213.59,1216.3,1212.23,1215.53,0.3
2019-12-12,1215.42,1229.07,1214.27,1225.59,0.83
2019-12-13,1224.81,1231.38,1221.23,1225.97,0.03
2019-12-16,1234.96,1238.84,1234.87,1236.51,0.86
2019-12-17,1238.25,1239.22,1236.12,1236.12,-0.03
2019-12-18,1237.87,1239.03,1236.22,1236.89,0.06
2019-12-19,1236.99,1242.12,1236.99,1242.12,0.42
2019-12-20,1246.47,1249.28,1245.4,1246.86,0.38
2019-12-23,1249.47,1249.66,1247.35,1248.12,0.1
2019-12-24,1248.89,1248.98,1246.66,1248.02,-0.01
2019-12-26,1249.38,1254.21,1249.38,1254.21,0.5
2019-12-27,1257.49,1257.49,1251.69,1253.83,-0.03
2019-12-30,1254.31,1254.5,1244.63,1246.77,-0.56
2019-12-31,1244.15,1249.38,1242.99,1249.38,0.21
2020-01-02,1256.14,1260.2,1251.69,1260.2,0.87
2020-01-03,1246.28,1255.76,1246.28,1251.4,-0.7
2020-01-06,1243.57,1256.14,1243.09,1255.76,0.35
2020-01-07,1253.54,1255.17,1250.24,1252.17,-0.29
2020-01-08,1252.76,1264.08,1251.98,1258.46,0.5
2020-01-09,1265.53,1267.46,1262.82,1266.88,0.67
2020-01-10,1269.97,1270.27,1261.56,1263.3,-0.28
2020-01-13,1266.01,1272.19,1264.37,1272.1,0.7
2020-01-14,1270.45,1274.62,1267.94,1270.16,-0.15
2020-01-15,1269.88,1276.16,1269.39,1272.88,0.21
2020-01-16,1278.67,1283.32,1277.71,1283.22,0.81
2020-01-17,1286.41,1288.25,1283.99,1287.67,0.35
2020-01-21,1283.41,1288.06,1283.03,1284.77,-0.23
2020-01-22,1288.44,1291.06,1284.19,1284.96,0.01
2020-01-23,1282.16,1286.89,1277.22,1286.89,0.15
2020-01-24,1288.73,1289.12,1269.11,1274.71,-0.95
2020-01-27,1251.4,1260.11,1250.83,1254.12,-1.62
2020-01-28,1260.11,1270.74,1257.98,1266.97,1.02
2020-01-29,1272.97,1273.64,1265.13,1265.91,-0.08
2020-01-30,1256.91,1270.85,1253.83,1269.97,0.32
2020-01-31,1267.27,1267.85,1242.99,1246.66,-1.84
2020-02-03,1252.76,1263.88,1252.66,1256.24,0.77
2020-02-04,1271.42,1278.58,1269.88,1275.19,1.51
2020-02-05,1287.38,1290.47,1281.29,1289.32,1.11
2020-02-06,1294.06,1294.63,1289.41,1293.57,0.33
2020-02-07,1289.51,1292.12,1284.67,1286.89,-0.52
2020-02-10,1283.52,1296.28,1283.22,1296.28,0.73
2020-02-11,1302.37,1305.28,1296.66,1298.69,0.19
2020-02-12,1304.5,1307.79,1303.14,1306.82,0.63
2020-02-13,1300.92,1309.34,1299.57,1305.28,-0.12
2020-02-14,1307.02,1307.79,1301.88,1307.31,0.16
2020-02-18,1302.86,1305.57,1297.92,1303.63,-0.28
2020-02-19,1308.17,1312.82,1306.72,1310.01,0.49
2020-02-20,1307.79,1310.98,1291.92,1304.5,-0.42
2020-02-21,1298.69,1299.86,1287.47,1291.06,-1.03
2020-02-24,1249.76,1260.98,1243.38,1248.12,-3.33
2020-02-25,1254.6,1256.14,1206.05,1210.11,-3.05
2020-02-26,1214.37,1230.9,1202.37,1204.88,-0.43
2020-02-27,1180.41,1197.63,1150.92,1150.92,-4.48
2020-02-28,1115.33,1144.63,1104.02,1141.83,-0.79
2020-03-02,1153.14,1194.54,1138.35,1194.54,4.62
2020-03-03,1195.69,1213.06,1153.43,1160.2,-2.87
2020-03-04,1183.03,1210.4,1172.97,1209.43,4.24
2020-03-05,1178.96,1191.83,1159.43,1169.68,-3.29
2020-03-06,1131.1,1153.92,1121.33,1148.51,-1.81
2020-03-09,1067.4,1097.15,1051.98,1059.53,-7.75
2020-03-10,1098.12,1113.97,1055.66,1113.97,5.14
2020-03-11,1083.65,1088.64,1045.8,1059.62,-4.88
2020-03-12,987.76,1027.71,954.7,954.7,-9.9
2020-03-13,1015.13,1045.84,962.87,1044.92,9.45
2020-03-16,968.13,985.74,910.21,921.9,-11.77
2020-03-17,939.41,983.51,910.21,975.2,5.78
2020-03-18,906.87,944.44,875.39,926.26,-5.02
2020-03-19,917.12,950.25,892.5,928.87,0.28
2020-03-20,936.75,944.53,882.64,885.84,-4.63
2020-03-23,880.12,885.74,843.38,860.88,-2.82
2020-03-24,905.27,942.99,903.92,941.25,9.34
2020-03-25,945.22,990.38,926.07,954.4,1.4
2020-03-26,963.45,1015.42,963.05,1010.6,5.89
2020-03-27,977.71,1007.5,969.68,979.36,-3.09
2020-03-30,986.51,1013.88,979.93,1011.47,3.28
2020-03-31,1006.91,1016.98,989.8,996.38,-1.49
2020-04-01,957.88,970.85,941.74,950.53,-4.6
2020-04-02,945.5,975.68,944.73,973.46,2.41
2020-04-03,969.88,978.0,947.53,958.85,-1.5
2020-04-06,997.05,1032.16,992.02,1024.52,6.85
2020-04-07,1061.56,1061.65,1024.33,1024.33,-0.02
2020-04-08,1038.44,1064.56,1026.55,1059.53,3.44
2020-04-09,1073.16,1086.8,1064.75,1074.52,1.41
2020-04-13,1071.13,1072.01,1048.89,1064.27,-0.95
2020-04-14,1085.64,1099.95,1081.87,1096.95,3.07
2020-04-15,1072.59,1080.12,1064.37,1073.64,-2.12
2020-04-16,1078.58,1082.16,1065.71,1079.16,0.51
2020-04-17,1102.37,1110.49,1091.44,1107.98,2.67
2020-04-20,1091.63,1106.53,1087.47,1088.25,-1.78
2020-04-21,1069.49,1074.13,1051.21,1055.28,-3.03
2020-04-22,1076.07,1085.84,1070.16,1078.67,2.22
2020-04-23,1083.81,1097.35,1077.52,1078.48,-0.02
2020-04-24,1085.84,1096.47,1076.36,1094.06,1.44
2020-04-27,1102.17,1114.17,1100.14,1110.2,1.48
2020-04-28,1125.34,1126.45,1103.54,1104.69,-0.5
2020-04-29,1126.64,1139.99,1122.88,1133.81,2.64
2020-04-30,1126.93,1129.55,1115.53,1122.01,-1.04
2020-05-01,1102.57,1105.37,1087.91,1092.32,-2.65
2020-05-04,1085.44,1096.86,1078.87,1096.86,0.42
2020-05-05,1107.31,1117.75,1104.31,1105.86,0.82
2020-05-06,1113.3,1114.65,1098.21,1098.21,-0.69
2020-05-07,1112.82,1119.78,1109.72,1111.46,1.21
2020-05-08,1126.07,1131.38,1120.27,1130.32,1.7
2020-05-11,1122.01,1136.12,1120.27,1130.61,0.03
2020-05-12,1135.06,1136.99,1107.69,1107.69,-2.03
2020-05-13,1105.17,1109.53,1077.9,1088.93,-1.69
2020-05-14,1077.22,1101.31,1067.85,1101.31,1.14
2020-05-15,1091.35,1106.05,1086.89,1105.86,0.41
2020-05-18,1131.38,1146.28,1131.19,1139.8,3.07
2020-05-19,1137.18,1144.44,1128.1,1128.1,-1.03
2020-05-20,1143.28,1151.02,1142.12,1147.54,1.72
2020-05-21,1146.28,1150.05,1134.77,1138.93,-0.75
2020-05-22,1138.35,1142.12,1132.93,1141.35,0.21
2020-05-26,1167.65,1167.65,1154.21,1155.86,1.27
2020-05-27,1167.07,1172.78,1148.12,1172.78,1.46
2020-05-28,1177.62,1185.73,1168.13,1170.36,-0.21
2020-05-29,1167.75,1178.29,1159.14,1176.07,0.49
2020-06-01,1173.16,1183.22,1171.04,1180.7,0.39
2020-06-02,1184.62,1190.47,1179.16,1190.38,0.82
2020-06-03,1199.22,1210.11,1197.92,1206.82,1.38
2020-06-04,1201.88,1209.53,1194.44,1202.95,-0.32
2020-06-05,1226.74,1241.83,1225.88,1234.38,2.61
2020-06-08,1237.87,1249.86,1235.44,1249.86,1.25
2020-06-09,1237.29,1245.99,1234.38,1240.58,-0.74
2020-06-10,1242.21,1245.99,1230.12,1233.12,-0.6
2020-06-11,1201.31,1206.14,1159.23,1161.27,-5.83
2020-06-12,1190.77,1194.44,1153.83,1175.97,1.27
2020-06-15,1147.24,1186.8,1142.21,1182.16,0.53
2020-06-16,1214.65,1215.62,1185.84,1205.08,1.94
2020-06-17,1208.46,1210.79,1197.73,1200.14,-0.41
2020-06-18,1193.09,1202.57,1191.83,1200.43,0.02
2020-06-19,1215.62,1215.62,1188.15,1193.28,-0.6
2020-06-22,1190.77,1202.86,1186.41,1201.4,0.68
2020-06-23,1212.62,1216.3,1205.28,1207.4,0.5
2020-06-24,1198.12,1200.83,1168.23,1175.78,-2.62
2020-06-25,1172.78,1189.7,1165.23,1188.64,1.09
2020-06-26,1183.61,1184.87,1157.88,1160.6,-2.36
2020-06-29,1165.71,1176.93,1156.14,1176.93,1.41
2020-06-30,1175.39,1199.33,1175.3,1194.73,1.51
2020-07-01,1197.06,1206.05,1195.21,1201.5,0.57
2020-07-02,1215.71,1220.56,1204.88,1207.6,0.51
2020-07-06,1223.93,1227.76,1220.74,1225.97,1.52
2020-07-07,1220.16,1227.9,1211.85,1212.82,-1.07
2020-07-08,1216.88,1223.16,1209.34,1222.01,0.76
2020-07-09,1225.48,1226.16,1201.4,1216.3,-0.47
2020-07-10,1215.91,1229.16,1209.53,1228.78,1.03
2020-07-13,1238.64,1247.92,1215.04,1217.27,-0.94
2020-07-14,1211.65,1234.77,1206.72,1233.7,1.35
2020-07-15,1247.24,1249.28,1234.87,1245.21,0.93
2020-07-16,1236.7,1242.41,1234.29,1240.77,-0.36
2020-07-17,1244.35,1247.63,1236.8,1244.44,0.3
2020-07-20,1243.47,1257.02,1240.38,1254.31,0.79
2020-07-21,1262.23,1264.46,1253.14,1257.31,0.24
2020-07-22,1256.05,1265.33,1255.28,1263.97,0.53
2020-07-23,1262.53,1265.62,1243.57,1248.98,-1.19
2020-07-24,1240.47,1245.31,1234.77,1241.15,-0.63
2020-07-27,1243.28,1250.83,1240.87,1250.14,0.72
2020-07-28,1247.06,1251.79,1241.06,1242.41,-0.62
2020-07-29,1245.8,1259.82,1245.8,1257.79,1.24
2020-07-30,1244.06,1254.6,1236.22,1253.14,-0.37
2020-07-31,1261.17,1263.01,1242.8,1262.53,0.75
2020-08-03,1269.97,1274.81,1267.56,1271.33,0.7
2020-08-04,1269.11,1276.36,1268.42,1276.36,0.4
2020-08-05,1281.87,1285.64,1280.99,1284.38,0.63
2020-08-06,1281.96,1293.57,1280.81,1292.8,0.66
2020-08-07,1288.93,1294.54,1285.35,1294.15,0.1
2020-08-10,1295.99,1298.69,1287.96,1297.54,0.26
2020-08-11,1303.34,1305.46,1284.38,1286.8,-0.83
2020-08-12,1297.63,1308.37,1297.63,1305.17,1.43
2020-08-13,1301.98,1308.27,1298.98,1302.66,-0.19
2020-08-14,1301.02,1304.98,1298.6,1302.37,-0.02
2020-08-17,1306.91,1308.56,1305.28,1306.82,0.34
2020-08-18,1308.65,1311.56,1301.98,1309.53,0.21
2020-08-19,1311.46,1313.59,1301.98,1304.4,-0.39
2020-08-20,1296.77,1310.2,1296.47,1308.17,0.29
2020-08-21,1307.2,1313.79,1305.57,1313.11,0.38
2020-08-24,1323.36,1326.55,1319.11,1326.55,1.02
2020-08-25,1328.87,1331.19,1323.84,1330.9,0.33
2020-08-26,1333.03,1345.4,1331.29,1344.54,1.02
2020-08-27,1347.35,1353.24,1340.47,1347.06,0.19
2020-08-28,1351.69,1356.53,1346.77,1356.05,0.67
2020-08-31,1355.28,1358.76,1350.24,1353.29,-0.2
2020-09-01,1354.4,1364.08,1350.92,1363.88,0.78
2020-09-02,1371.13,1387.47,1367.16,1384.48,1.51
2020-09-03,1376.64,1378.48,1325.01,1336.32,-3.48
2020-09-04,1337.38,1345.02,1295.21,1325.1,-0.84
2020-09-08,1300.24,1307.02,1287.29,1288.15,-2.79
2020-09-09,1305.46,1324.52,1302.08,1314.27,2.03
2020-09-10,1321.71,1324.52,1287.29,1291.06,-1.77
2020-09-11,1298.02,1303.05,1280.03,1292.51,0.11
2020-09-14,1301.6,1312.34,1299.18,1304.98,0.96
2020-09-15,1315.91,1318.62,1307.11,1311.37,0.49
2020-09-16,1317.07,1322.78,1305.57,1306.14,-0.4
2020-09-17,1285.64,1301.79,1283.7,1295.21,-0.84
2020-09-18,1297.35,1297.44,1269.2,1279.36,-1.22
2020-09-21,1260.01,1265.13,1244.92,1264.75,-1.14
2020-09-22,1270.36,1280.17,1260.79,1278.29,1.07
2020-09-23,1279.93,1281.29,1246.09,1247.63,-2.4
2020-09-24,1242.12,1264.27,1237.29,1251.69,0.33
2020-09-25,1248.31,1275.1,1244.24,1271.71,1.6
2020-09-28,1289.89,1295.89,1285.06,1292.99,1.67
2020-09-29,1292.03,1295.21,1283.12,1286.22,-0.52
2020-09-30,1289.03,1309.05,1288.44,1296.95,0.83
2020-10-01,1306.43,1310.11,1296.09,1303.72,0.52
2020-10-02,1281.38,1299.38,1281.38,1291.35,-0.95
2020-10-05,1300.83,1315.23,1300.24,1314.85,1.82
2020-10-06,1315.04,1323.64,1293.47,1295.89,-1.44
2020-10-07,1308.37,1321.62,1308.37,1318.53,1.75
2020-10-08,1326.36,1330.22,1322.59,1330.12,0.88
2020-10-09,1336.8,1343.86,1334.48,1341.92,0.89
2020-10-12,1352.46,1369.88,1350.72,1363.68,1.62
2020-10-13,1362.53,1363.3,1350.72,1355.46,-0.6
2020-10-14,1357.02,1361.65,1343.28,1345.99,-0.7
2020-10-15,1328.96,1346.57,1327.62,1344.63,-0.1
2020-10-16,1350.05,1357.11,1344.35,1344.35,-0.02
2020-10-19,1349.57,1351.4,1319.68,1322.39,-1.63
2020-10-20,1328.96,1342.03,1325.78,1328.48,0.46
2020-10-21,1328.29,1337.29,1324.81,1325.68,-0.21
2020-10-22,1327.04,1335.64,1317.94,1333.41,0.58
2020-10-23,1338.25,1338.54,1327.66,1337.47,0.3
2020-10-26,1323.64,1326.84,1298.31,1313.01,-1.83
2020-10-27,1313.88,1315.71,1307.79,1308.46,-0.35
2020-10-28,1283.9,1287.29,1261.46,1262.34,-3.52
2020-10-29,1263.79,1289.32,1257.49,1276.84,1.15
2020-10-30,1269.68,1275.01,1247.73,1263.11,-1.08
2020-11-02,1276.93,1285.44,1265.82,1277.33,1.13
2020-11-03,1290.87,1308.56,1289.03,1300.34,1.8
2020-11-04,1319.73,1345.99,1314.17,1328.87,2.19
2020-11-05,1351.16,1362.62,1349.66,1354.69,1.94
2020-11-06,1355.17,1359.72,1345.12,1354.6,-0.01
2020-11-09,1408.85,1409.62,1370.16,1370.45,1.17
2020-11-10,1368.23,1374.22,1356.62,1369.78,-0.05
2020-11-11,1379.45,1383.61,1373.84,1380.52,0.78
2020-11-12,1376.07,1379.07,1359.14,1366.39,-1.02
2020-11-13,1375.88,1388.73,1372.48,1385.15,1.37
2020-11-16,1396.95,1402.28,1391.54,1402.28,1.24
2020-11-17,1392.61,1400.34,1386.7,1395.21,-0.5
2020-11-18,1396.57,1398.89,1378.67,1378.67,-1.19
2020-11-19,1375.97,1385.73,1370.45,1385.06,0.46
2020-11-20,1382.93,1383.9,1374.42,1375.39,-0.7
2020-11-23,1383.12,1387.67,1372.88,1383.41,0.58
2020-11-24,1393.77,1407.6,1390.18,1405.57,1.6
2020-11-25,1404.36,1404.98,1398.69,1403.34,-0.16
2020-11-27,1408.08,1409.05,1402.86,1407.11,0.27
2020-11-30,1403.63,1404.69,1389.8,1401.69,-0.39
2020-12-01,1415.33,1422.39,1412.23,1416.11,1.03
2020-12-02,1411.51,1419.59,1409.14,1418.71,0.18
2020-12-03,1418.71,1424.22,1414.08,1418.04,-0.05
2020-12-04,1421.28,1430.9,1420.65,1430.9,0.91
2020-12-07,1427.9,1429.84,1422.68,1427.62,-0.23
2020-12-08,1422.68,1434.19,1422.48,1431.58,0.28
2020-12-09,1434.87,1435.35,1415.71,1419.97,-0.81
2020-12-10,1413.97,1422.97,1409.82,1419.3,-0.05
2020-12-11,1411.76,1417.85,1405.17,1416.49,-0.2
2020-12-14,1423.07,1427.9,1407.88,1407.98,-0.6
2020-12-15,1419.3,1426.74,1413.01,1426.36,1.31
2020-12-16,1427.71,1433.03,1424.13,1428.58,0.16
2020-12-17,1436.22,1437.77,1432.26,1436.32,0.54
2020-12-18,1437.58,1438.35,1422.68,1433.7,-0.18
2020-12-21,1414.27,1428.96,1402.57,1425.68,-0.56
2020-12-22,1426.36,1427.04,1418.23,1422.3,-0.24
2020-12-23,1426.93,1431.87,1423.45,1423.45,0.08
2020-12-24,1426.07,1429.45,1423.64,1429.45,0.42
2020-12-28,1440.38,1443.77,1437.77,1441.73,0.86
2020-12-29,1448.02,1449.09,1437.09,1438.64,-0.21
2020-12-30,1442.89,1445.12,1439.51,1441.25,0.18
2020-12-31,1439.8,1451.6,1438.15,1449.47,0.57
2021-01-04,1454.12,1454.5,1413.2,1429.16,-1.4
2021-01-05,1426.26,1442.8,1426.26,1438.25,0.64
2021-01-06,1431.1,1460.11,1430.03,1447.06,0.61
2021-01-07,1456.82,1471.42,1456.05,1468.33,1.47
2021-01-08,1474.81,1477.42,1460.49,1476.36,0.55
2021-01-11,1463.11,1473.84,1462.82,1467.16,-0.62
2021-01-12,1467.36,1471.04,1457.69,1467.85,0.05
2021-01-13,1466.88,1475.19,1463.49,1471.33,0.24
2021-01-14,1474.42,1476.16,1464.75,1466.68,-0.32
2021-01-15,1459.23,1462.23,1447.44,1455.17,-0.78
2021-01-19,1465.77,1468.82,1459.34,1466.3,0.76
2021-01-20,1476.26,1490.29,1474.52,1486.61,1.39
2021-01-21,1489.03,1490.77,1484.29,1487.96,0.09
2021-01-22,1480.61,1487.38,1478.67,1483.12,-0.33
2021-01-25,1486.12,1489.99,1466.01,1488.73,0.38
2021-01-26,1492.51,1494.06,1485.55,1486.03,-0.18
2021-01-27,1472.1,1472.19,1440.47,1450.34,-2.4
2021-01-28,1457.31,1478.96,1455.95,1461.27,0.75
2021-01-29,1454.6,1458.27,1425.78,1433.7,-1.89
2021-02-01,1447.92,1461.08,1438.06,1456.14,1.57
2021-02-02,1469.88,1483.81,1469.78,1476.84,1.42
2021-02-03,1481.19,1485.44,1473.36,1478.58,0.12
2021-02-04,1483.41,1495.26,1481.87,1494.92,1.11
2021-02-05,1502.86,1504.12,1496.57,1501.12,0.41
2021-02-08,1507.69,1512.14,1503.72,1512.14,0.73
2021-02-09,1508.94,1513.39,1506.82,1511.08,-0.07
2021-02-10,1518.23,1518.71,1500.43,1510.31,-0.05
2021-02-11,1514.94,1516.59,1502.76,1513.59,0.22
2021-02-12,1509.38,1521.33,1509.23,1520.56,0.46
2021-02-16,1525.78,1526.07,1516.01,1518.91,-0.11
2021-02-17,1511.85,1520.27,1507.49,1519.49,0.04
2021-02-18,1508.08,1515.82,1501.31,1512.82,-0.44
2021-02-19,1518.42,1519.11,1508.37,1509.91,-0.19
2021-02-22,1498.21,1508.37,1497.24,1499.09,-0.72
2021-02-23,1488.73,1505.66,1472.19,1499.57,0.03
2021-02-24,1495.84,1518.53,1491.63,1517.37,1.19
2021-02-25,1511.85,1517.07,1474.04,1480.22,-2.45
2021-02-26,1487.47,1492.51,1464.56,1473.64,-0.44
2021-03-01,1493.57,1513.3,1492.8,1507.6,2.3
2021-03-02,1509.34,1509.91,1495.4,1496.18,-0.76
2021-03-03,1493.13,1497.24,1476.16,1476.36,-1.32
2021-03-04,1475.97,1486.22,1439.32,1457.98,-1.24
2021-03-05,1472.68,1489.32,1442.41,1485.15,1.86
2021-03-08,1488.67,1500.42,1476.88,1477.37,-0.52
2021-03-09,1494.06,1509.14,1491.44,1497.83,1.38
2021-03-10,1508.37,1514.75,1502.46,1507.31,0.63
2021-03-11,1518.33,1531.29,1516.2,1522.59,1.01
2021-03-12,1517.4,1525.68,1514.08,1525.3,0.18
2021-03-15,1522.48,1531.78,1513.79,1530.9,0.37
2021-03-16,1533.56,1536.03,1525.3,1528.87,-0.13
2021-03-17,1523.07,1536.89,1518.53,1533.32,0.29
2021-03-18,1523.07,1531.29,1509.05,1511.08,-1.45
2021-03-19,1509.34,1516.2,1499.18,1508.46,-0.17
2021-03-22,1510.98,1525.78,1510.2,1520.27,0.78
2021-03-23,1517.56,1523.45,1505.17,1508.85,-0.75
2021-03-24,1514.08,1520.85,1500.72,1500.72,-0.54
2021-03-25,1494.44,1512.23,1486.8,1508.94,0.55
2021-03-26,1513.59,1534.87,1511.56,1533.32,1.62
2021-03-29,1527.71,1536.22,1521.04,1532.07,-0.08
2021-03-30,1527.42,1531.19,1521.81,1528.58,-0.23
2021-03-31,1530.81,1541.06,1530.81,1535.15,0.43
2021-04-01,1542.7,1551.5,1542.12,1551.4,1.06
2021-04-05,1562.43,1575.78,1562.05,1573.07,1.4
2021-04-06,1571.13,1576.74,1570.07,1572.39,-0.04
2021-04-07,1572.1,1575.78,1569.97,1574.71,0.15
2021-04-08,1579.45,1581.96,1575.68,1581.96,0.46
2021-04-09,1581.29,1594.24,1580.99,1593.62,0.74
2021-04-12,1590.87,1595.21,1588.44,1594.06,0.03
2021-04-13,1593.57,1601.31,1592.12,1598.8,0.3
2021-04-14,1598.6,1602.95,1591.15,1593.09,-0.36
2021-04-15,1602.57,1611.76,1602.08,1610.31,1.08
2021-04-16,1616.3,1618.23,1610.02,1615.71,0.34
2021-04-19,1612.14,1613.68,1602.37,1607.6,-0.5
2021-04-20,1603.05,1605.57,1590.29,1595.89,-0.73
2021-04-21,1593.57,1611.85,1593.09,1611.17,0.96
2021-04-22,1609.72,1613.79,1592.12,1596.86,-0.89
2021-04-23,1598.6,1619.59,1598.51,1613.49,1.04
2021-04-26,1616.49,1619.3,1614.56,1617.16,0.23
2021-04-27,1618.23,1619.01,1612.05,1615.71,-0.09
2021-04-28,1618.13,1622.3,1614.56,1615.62,-0.01
2021-04-29,1628.19,1628.87,1612.43,1626.16,0.65
2021-04-30,1616.39,1620.56,1612.23,1615.91,-0.63
2021-05-03,1623.55,1625.59,1617.45,1619.39,0.22
2021-05-04,1602.37,1608.27,1594.15,1607.49,-0.73
2021-05-05,1616.11,1616.97,1606.72,1609.43,0.12
2021-05-06,1610.2,1623.07,1601.79,1622.01,0.78
2021-05-07,1625.97,1637.09,1623.07,1634.48,0.77
2021-05-10,1636.03,1636.41,1617.94,1618.23,-0.99
2021-05-11,1598.12,1607.69,1587.96,1603.72,-0.9
2021-05-12,1591.35,1597.15,1567.27,1569.78,-2.12
2021-05-13,1576.26,1596.28,1575.88,1588.15,1.17
2021-05-14,1599.95,1616.3,1599.95,1612.43,1.53
2021-05-17,1608.08,1611.85,1600.43,1608.37,-0.25
2021-05-18,1610.2,1610.6,1594.15,1595.12,-0.82
2021-05-19,1574.22,1590.87,1569.2,1590.77,-0.27
2021-05-20,1593.86,1612.72,1593.77,1606.82,1.01
2021-05-21,1614.37,1618.82,1604.4,1606.05,-0.05
2021-05-24,1615.82,1627.13,1614.56,1622.48,1.02
2021-05-25,1627.13,1628.58,1616.88,1619.01,-0.21
2021-05-26,1621.81,1624.33,1617.27,1622.19,0.2
2021-05-27,1626.45,1628.58,1622.59,1623.16,0.06
2021-05-28,1629.93,1630.7,1625.3,1625.68,0.16
2021-06-01,1635.93,1636.32,1622.88,1624.13,-0.1
2021-06-02,1626.64,1630.41,1623.07,1627.22,0.19
2021-06-03,1618.33,1625.68,1611.46,1621.42,-0.36
2021-06-04,1629.07,1637.09,1628.48,1635.73,0.88
2021-06-07,1636.03,1636.51,1630.52,1634.48,-0.08
2021-06-08,1638.15,1638.15,1627.22,1634.67,0.01
2021-06-09,1638.15,1638.25,1631.38,1631.87,-0.17
2021-06-10,1637.38,1643.66,1632.07,1639.32,0.46
2021-06-11,1642.21,1642.8,1636.7,1642.51,0.19
2021-06-14,1639.03,1642.7,1634.29,1642.7,0.01
2021-06-15,1643.28,1643.28,1635.73,1639.61,-0.19
2021-06-16,1640.18,1640.67,1621.62,1629.55,-0.61
2021-06-17,1628.29,1633.32,1619.3,1628.96,-0.04
2021-06-18,1616.2,1618.33,1606.34,1606.72,-1.37
2021-06-21,1614.56,1630.9,1611.27,1629.84,1.44
2021-06-22,1630.1,1642.2,1627.1,1638.7,0.54
2021-06-23,1639.4,1642.4,1636.8,1636.8,-0.12
2021-06-24,1646.0,1648.2,1644.6,1646.5,0.59
2021-06-25,1650.1,1654.3,1648.3,1652.3,0.35
2021-06-28,1654.7,1656.4,1649.8,1655.8,0.21
2021-06-29,1657.8,1659.9,1654.6,1656.2,0.02
2021-06-30,1655.2,1660.9,1655.0,1658.6,0.14
2021-07-01,1661.5,1667.8,1660.9,1667.7,0.55
2021-07-02,1671.9,1681.6,1670.8,1679.8,0.73
2021-07-06,1680.6,1680.9,1665.6,1676.3,-0.21
2021-07-07,1679.8,1683.9,1671.3,1682.5,0.37
2021-07-08,1659.2,1672.1,1656.0,1668.8,-0.81
2021-07-09,1675.5,1688.0,1674.5,1687.1,1.1
2021-07-12,1686.9,1693.6,1684.8,1693.3,0.37
2021-07-13,1689.6,1695.8,1686.1,1687.2,-0.36
2021-07-14,1694.5,1696.1,1684.6,1689.7,0.15
2021-07-15,1684.6,1686.8,1676.2,1683.4,-0.37
2021-07-16,1688.6,1688.7,1669.0,1670.7,-0.75
2021-07-19,1650.0,1652.6,1634.2,1645.1,-1.53
2021-07-20,1649.2,1674.6,1645.2,1669.5,1.48
2021-07-21,1674.4,1683.6,1673.5,1682.8,0.8
2021-07-22,1684.0,1687.3,1679.5,1686.6,0.23
2021-07-23,1694.7,1705.0,1691.5,1703.0,0.97
2021-07-26,1701.3,1707.8,1701.1,1707.8,0.28
2021-07-27,1703.0,1703.0,1688.5,1700.0,-0.46
2021-07-28,1702.7,1705.0,1694.0,1699.3,-0.04
2021-07-29,1703.6,1710.9,1703.6,1706.7,0.44
2021-07-30,1696.2,1704.0,1695.3,1698.1,-0.5
2021-08-02,1705.3,1707.4,1693.4,1694.2,-0.23
2021-08-03,1698.3,1708.3,1688.7,1708.3,0.83
2021-08-04,1702.4,1705.2,1698.8,1699.9,-0.49
2021-08-05,1704.6,1710.7,1703.2,1710.6,0.63
2021-08-06,1712.2,1714.9,1710.6,1713.5,0.17
2021-08-09,1713.4,1714.4,1708.8,1711.9,-0.09
2021-08-10,1713.9,1716.9,1710.9,1713.6,0.1
2021-08-11,1718.2,1718.5,1713.8,1717.8,0.25
2021-08-12,1717.0,1723.7,1713.9,1723.3,0.32
2021-08-13,1725.2,1726.4,1723.2,1726.4,0.18
2021-08-16,1721.8,1731.0,1714.8,1730.6,0.24
2021-08-17,1720.0,1722.6,1706.8,1719.1,-0.66
2021-08-18,1714.0,1721.2,1699.3,1700.9,-1.06
2021-08-19,1688.7,1707.7,1688.4,1703.3,0.14
2021-08-20,1703.9,1717.8,1702.4,1716.3,0.76
2021-08-23,1723.5,1735.3,1723.5,1731.4,0.88
2021-08-24,1734.2,1736.4,1732.2,1733.9,0.14
2021-08-25,1735.3,1740.0,1733.5,1738.2,0.25
2021-08-26,1736.8,1737.6,1727.3,1727.7,-0.6
2021-08-27,1731.3,1744.6,1730.8,1743.2,0.9
2021-08-30,1746.2,1754.1,1745.0,1750.6,0.42
2021-08-31,1750.8,1751.8,1746.2,1748.6,-0.11
2021-09-01,1752.1,1754.3,1748.4,1748.8,0.01
2021-09-02,1755.2,1757.6,1749.7,1754.1,0.3
2021-09-03,1751.7,1756.2,1748.4,1754.0,-0.01
2021-09-07,1752.6,1752.6,1745.3,1748.2,-0.33
2021-09-08,1745.5,1748.3,1738.0,1745.8,-0.14
2021-09-09,1744.6,1751.9,1737.3,1737.9,-0.45
2021-09-10,1746.5,1747.8,1724.1,1724.8,-0.75
2021-09-13,1733.7,1734.3,1715.7,1725.1,0.02
2021-09-14,1731.7,1731.9,1711.9,1715.8,-0.54
2021-09-15,1717.7,1732.2,1712.8,1730.0,0.83
2021-09-16,1728.6,1731.7,1715.0,1726.6,-0.2
2021-09-17,1722.2,1725.3,1708.5,1710.4,-0.94
2021-09-20,1683.0,1690.9,1661.2,1682.1,-1.65
2021-09-21,1691.2,1696.2,1677.7,1679.6,-0.15
2021-09-22,1689.6,1704.5,1685.4,1696.0,0.98
2021-09-23,1703.3,1723.4,1703.0,1716.2,1.19
2021-09-24,1709.6,1722.5,1709.4,1719.7,0.2
2021-09-27,1714.5,1720.1,1712.0,1715.0,-0.27
2021-09-28,1702.2,1704.5,1677.0,1681.0,-1.98
2021-09-29,1685.7,1692.8,1680.7,1682.6,0.1
2021-09-30,1688.9,1691.7,1662.4,1663.0,-1.16
2021-10-01,1669.3,1688.7,1654.7,1680.6,1.06
2021-10-04,1676.7,1680.4,1651.0,1660.0,-1.23
2021-10-05,1666.6,1686.5,1663.1,1676.5,0.99
2021-10-06,1661.9,1685.0,1655.6,1684.0,0.45
2021-10-07,1697.8,1710.2,1697.1,1698.0,0.83
2021-10-08,1702.8,1703.2,1693.0,1695.3,-0.16
2021-10-11,1693.3,1704.8,1682.8,1682.8,-0.74
2021-10-12,1687.3,1688.4,1675.8,1679.0,-0.23
2021-10-13,1683.7,1688.2,1671.0,1684.7,0.34
2021-10-14,1700.4,1714.1,1698.3,1713.1,1.69
2021-10-15,1722.8,1728.2,1719.7,1726.4,0.78
2021-10-18,1719.4,1732.9,1716.5,1732.4,0.35
2021-10-19,1738.8,1745.2,1736.0,1745.2,0.74
2021-10-20,1747.2,1753.2,1746.6,1751.6,0.37
2021-10-21,1749.1,1757.4,1747.7,1756.4,0.27
2021-10-22,1754.7,1760.7,1746.9,1754.9,-0.09
2021-10-25,1759.2,1765.5,1752.0,1764.0,0.52
2021-10-26,1770.7,1775.6,1764.4,1765.9,0.11
2021-10-27,1767.6,1770.3,1757.9,1757.9,-0.45
2021-10-28,1764.0,1775.0,1764.0,1774.4,0.94
2021-10-29,1764.3,1779.7,1764.3,1778.1,0.21
2021-11-01,1782.7,1784.0,1774.5,1781.4,0.19
2021-11-02,1782.5,1789.9,1781.8,1788.8,0.42
2021-11-03,1786.4,1800.9,1784.6,1799.7,0.61
2021-11-04,1802.1,1808.4,1800.7,1808.2,0.47
2021-11-05,1817.6,1822.7,1808.3,1814.5,0.35
2021-11-08,1819.0,1820.8,1813.2,1815.9,0.08
2021-11-09,1817.9,1818.2,1804.1,1809.9,-0.33
2021-11-10,1802.8,1809.9,1789.3,1795.6,-0.79
2021-11-11,1801.7,1801.7,1795.8,1796.2,0.03
2021-11-12,1801.0,1811.7,1797.2,1809.7,0.75
2021-11-15,1814.8,1815.0,1805.6,1810.3,0.03
2021-11-16,1809.5,1821.9,1808.8,1816.9,0.36
2021-11-17,1816.1,1816.2,1810.2,1813.0,-0.21
2021-11-18,1817.2,1820.0,1806.4,1818.8,0.32
2021-11-19,1818.6,1823.6,1814.4,1815.7,-0.17
2021-11-22,1823.4,1833.7,1810.3,1810.3,-0.3
2021-11-23,1808.9,1816.4,1798.6,1813.8,0.19
2021-11-24,1805.0,1818.2,1801.4,1817.9,0.23
2021-11-26,1789.8,1796.2,1772.6,1779.7,-2.1
2021-11-29,1797.2,1806.4,1787.8,1798.0,1.03
2021-11-30,1788.9,1796.5,1763.0,1767.1,-1.72
2021-12-01,1787.9,1799.1,1743.4,1743.4,-1.34
2021-12-02,1744.3,1777.0,1743.5,1771.1,1.59
2021-12-03,1778.7,1781.8,1737.9,1755.3,-0.89
2021-12-06,1765.1,1783.8,1756.1,1775.4,1.15
2021-12-07,1798.6,1815.2,1798.0,1811.9,2.06
2021-12-08,1815.1,1819.4,1807.4,1817.5,0.31
2021-12-09,1812.0,1815.9,1804.8,1805.4,-0.67
2021-12-10,1816.9,1823.0,1806.3,1822.1,0.93
2021-12-13,1817.9,1818.6,1801.9,1802.4,-1.08
2021-12-14,1788.8,1799.5,1778.2,1790.6,-0.65
2021-12-15,1790.8,1819.4,1780.4,1817.8,1.52
2021-12-16,1826.5,1826.5,1796.0,1802.3,-0.85
2021-12-17,1789.5,1801.4,1775.8,1783.4,-1.05
2021-12-20,1760.9,1765.1,1748.7,1763.5,-1.12
2021-12-21,1778.3,1795.7,1768.8,1795.1,1.79
2021-12-22,1794.0,1813.3,1793.4,1812.7,0.98
2021-12-23,1817.1,1830.2,1816.5,1824.3,0.64
2021-12-27,1830.0,1850.1,1829.7,1850.1,1.41
2021-12-28,1852.1,1856.0,1845.5,1848.7,-0.08
2021-12-29,1849.5,1855.2,1845.3,1851.0,0.12
2021-12-30,1852.6,1856.7,1844.3,1846.1,-0.26
2021-12-31,1844.0,1848.5,1840.5,1840.5,-0.3
2022-01-03,1846.4,1851.9,1836.7,1851.1,0.58
2022-01-04,1857.4,1860.0,1843.3,1850.5,-0.03
2022-01-05,1849.7,1852.3,1814.8,1815.5,-1.89
2022-01-06,1813.2,1824.1,1803.8,1813.5,-0.11
2022-01-07,1813.6,1817.8,1800.4,1805.8,-0.42
2022-01-10,1793.2,1804.4,1769.3,1803.3,-0.14
2022-01-11,1803.0,1820.5,1790.2,1819.8,0.91
2022-01-12,1827.8,1833.4,1817.2,1825.3,0.3
2022-01-13,1830.5,1832.1,1796.0,1800.6,-1.35
2022-01-14,1786.4,1801.8,1782.0,1800.1,-0.03
2022-01-18,1781.0,1781.9,1764.2,1768.7,-1.74
2022-01-19,1774.5,1780.4,1749.2,1750.7,-1.02
2022-01-20,1757.6,1777.2,1729.0,1730.3,-1.17
2022-01-21,1725.7,1735.5,1696.9,1697.3,-1.91
2022-01-24,1671.5,1705.9,1630.4,1704.4,0.42
2022-01-25,1677.6,1703.0,1654.6,1682.5,-1.28
2022-01-26,1707.7,1719.8,1661.8,1678.7,-0.23
2022-01-27,1697.7,1710.2,1663.3,1669.9,-0.52
2022-01-28,1676.0,1711.6,1657.0,1711.6,2.5
2022-01-31,1708.1,1743.7,1703.3,1742.1,1.78
2022-02-01,1745.3,1756.4,1730.8,1754.2,0.69
2022-02-02,1764.0,1774.0,1754.6,1770.3,0.92
2022-02-03,1746.2,1754.0,1726.4,1729.6,-2.3
2022-02-04,1728.8,1753.0,1718.6,1737.7,0.47
2022-02-07,1741.7,1746.3,1726.6,1731.4,-0.36
2022-02-08,1729.8,1749.8,1724.0,1745.6,0.82
2022-02-09,1762.9,1772.7,1762.0,1771.3,1.47
2022-02-10,1747.6,1772.3,1731.87,1739.32,-1.81
2022-02-11,1740.77,1748.51,1699.66,1705.28,-1.96
2022-02-14,1703.54,1709.82,1685.55,1699.18,-0.36
2022-02-15,1718.23,1727.81,1716.11,1726.55,1.61
2022-02-16,1719.3,1734.77,1711.17,1729.45,0.17
2022-02-17,1716.83,1717.94,1689.8,1692.61,-2.13
2022-02-18,1693.77,1698.12,1671.71,1680.41,-0.72
2022-02-22,1672.48,1686.03,1648.8,1664.08,-0.97
2022-02-23,1675.14,1677.22,1631.19,1633.9,-1.81
2022-02-24,1591.15,1659.34,1589.7,1656.14,1.36
2022-02-25,1662.62,1695.02,1656.29,1694.35,2.31
2022-02-28,1671.9,1696.38,1667.37,1689.22,-0.3
2022-03-01,1684.38,1692.12,1654.02,1664.37,-1.47
2022-03-02,1674.22,1701.12,1670.85,1694.73,1.82
2022-03-03,1705.03,1707.4,1679.45,1686.61,-0.48
2022-03-04,1672.3,1677.71,1656.34,1674.33,-0.73
2022-03-07,1670.16,1671.52,1623.84,1624.33,-2.99
2022-03-08,1624.22,1653.72,1607.69,1612.05,-0.76
2022-03-09,1645.98,1662.43,1637.09,1654.4,2.63
2022-03-10,1636.56,1650.63,1627.52,1647.06,-0.44
2022-03-11,1657.69,1659.72,1624.22,1625.88,-1.29
2022-03-14,1626.98,1639.89,1606.34,1610.6,-0.94
2022-03-15,1622.3,1649.09,1616.78,1646.47,2.23
2022-03-16,1661.37,1682.64,1641.35,1682.64,2.2
2022-03-17,1675.59,1702.86,1673.64,1702.86,1.2
2022-03-18,1698.21,1724.13,1694.15,1721.81,1.11
2022-03-21,1722.3,1730.32,1707.98,1722.59,0.05
2022-03-22,1728.87,1746.38,1728.29,1742.99,1.18
2022-03-23,1732.16,1738.35,1720.16,1720.16,-1.31
2022-03-24,1728.1,1745.98,1723.84,1745.6,1.48
2022-03-25,1748.4,1755.86,1738.35,1754.98,0.54
2022-03-28,1752.41,1767.37,1744.73,1767.27,0.7
2022-03-29,1783.81,1791.44,1772.78,1789.61,1.26
2022-03-30,1785.64,1788.06,1769.78,1778.19,-0.64
2022-03-31,1775.48,1778.38,1751.6,1752.66,-1.44
2022-04-01,1757.2,1758.08,1741.44,1755.57,0.17
2022-04-04,1756.82,1771.13,1753.54,1770.94,0.88
2022-04-05,1765.33,1774.95,1744.44,1749.57,-1.21
2022-04-06,1732.26,1740.38,1719.59,1731.78,-1.02
2022-04-07,1727.71,1746.95,1719.49,1739.51,0.45
2022-04-08,1736.89,1746.86,1728.87,1735.35,-0.24
2022-04-11,1722.68,1725.01,1703.54,1706.05,-1.69
2022-04-12,1717.45,1727.71,1692.8,1699.28,-0.4
2022-04-13,1697.88,1721.23,1697.24,1718.33,1.12
2022-04-14,1719.2,1723.55,1696.57,1697.44,-1.22
2022-04-18,1693.77,1704.4,1688.44,1697.24,-0.01
2022-04-19,1697.54,1727.9,1696.66,1724.9,1.63
2022-04-20,1732.26,1734.67,1719.11,1723.36,-0.09
2022-04-21,1738.93,1744.24,1694.54,1698.8,-1.43
2022-04-22,1693.09,1694.44,1649.28,1651.69,-2.77
2022-04-25,1641.35,1661.17,1622.97,1660.98,0.56
2022-04-26,1649.86,1650.63,1613.01,1613.01,-2.89
2022-04-27,1616.88,1638.63,1608.27,1616.2,0.2
2022-04-28,1636.8,1664.75,1618.38,1657.69,2.57
2022-04-29,1641.35,1649.86,1593.57,1598.02,-3.6
2022-05-02,1596.86,1611.17,1569.11,1605.76,0.48
2022-05-03,1606.62,1622.88,1601.4,1612.43,0.42
2022-05-04,1615.91,1664.37,1602.76,1661.08,3.02
2022-05-05,1644.24,1644.63,1586.03,1603.83,-3.45
2022-05-06,1592.89,1606.34,1571.62,1593.38,-0.65
2022-05-09,1568.95,1573.93,1536.12,1542.89,-3.17
2022-05-10,1567.37,1572.39,1529.45,1545.8,0.19
2022-05-11,1542.07,1564.37,1518.04,1520.85,-1.61
2022-05-12,1507.93,1531.96,1491.44,1520.27,-0.04
2022-05-13,1536.8,1561.27,1531.96,1554.88,2.28
2022-05-16,1549.66,1564.08,1539.56,1550.14,-0.3
2022-05-17,1574.13,1581.19,1558.94,1580.52,1.96
2022-05-18,1562.43,1563.39,1512.62,1518.53,-3.92
2022-05-19,1504.5,1525.39,1498.69,1507.6,-0.72
2022-05-20,1522.3,1524.33,1473.07,1508.65,0.07
2022-05-23,1521.18,1539.7,1511.27,1535.84,1.8
2022-05-24,1519.88,1529.64,1498.02,1524.71,-0.72
2022-05-25,1518.62,1546.38,1517.21,1538.25,0.89
2022-05-26,1542.94,1575.68,1542.89,1568.91,1.99
2022-05-27,1578.67,1607.88,1578.19,1607.69,2.47
2022-05-31,1601.21,1612.14,1587.18,1598.89,-0.55
2022-06-01,1607.31,1611.17,1575.3,1585.73,-0.82
2022-06-02,1585.44,1615.62,1575.39,1615.42,1.87
2022-06-03,1595.8,1602.32,1584.96,1588.84,-1.65
2022-06-06,1605.86,1612.43,1588.93,1593.47,0.29
2022-06-07,1579.26,1610.79,1577.62,1608.65,0.95
2022-06-08,1601.98,1609.05,1588.25,1591.83,-1.05
2022-06-09,1583.99,1592.89,1553.43,1553.54,-2.41
2022-06-10,1527.33,1531.19,1507.88,1507.98,-2.93
2022-06-13,1469.88,1477.22,1445.02,1452.28,-3.69
2022-06-14,1458.46,1462.72,1434.77,1446.66,-0.39
2022-06-15,1460.98,1486.03,1440.87,1466.97,1.4
2022-06-16,1434.1,1435.84,1408.94,1421.33,-3.11
2022-06-17,1420.94,1435.73,1408.17,1421.71,0.03
2022-06-21,1445.51,1463.68,1445.51,1457.69,2.53
2022-06-22,1440.18,1472.01,1438.93,1455.66,-0.14
2022-06-23,1463.88,1472.19,1449.09,1469.59,0.96
2022-06-24,1483.22,1515.23,1482.26,1515.18,3.1
2022-06-27,1519.97,1520.74,1505.86,1510.4,-0.32
2022-06-28,1517.12,1527.9,1478.96,1480.03,-2.01
2022-06-29,1481.96,1485.44,1470.65,1477.9,-0.14
2022-06-30,1461.65,1478.67,1447.44,1467.27,-0.72
2022-07-01,1462.91,1482.74,1452.37,1480.9,0.93
2022-07-05,1460.02,1483.52,1448.4,1483.52,0.18
2022-07-06,1484.48,1498.98,1474.52,1489.03,0.37
2022-07-07,1496.66,1514.08,1496.66,1510.6,1.45
2022-07-08,1503.92,1517.07,1497.83,1509.62,-0.06
2022-07-11,1498.8,1502.37,1489.41,1492.41,-1.14
2022-07-12,1489.8,1499.38,1471.9,1479.36,-0.87
2022-07-13,1456.62,1483.12,1454.98,1471.33,-0.54
2022-07-14,1451.5,1469.78,1440.58,1467.56,-0.26
2022-07-15,1486.41,1495.8,1477.81,1494.83,1.86
2022-07-18,1508.17,1510.49,1478.38,1482.45,-0.83
2022-07-19,1499.86,1525.3,1496.47,1522.3,2.69
2022-07-20,1523.64,1538.55,1518.33,1532.55,0.67
2022-07-21,1530.52,1548.12,1520.45,1548.12,1.02
2022-07-22,1548.51,1553.43,1524.81,1534.29,-0.89
2022-07-25,1536.61,1539.12,1526.64,1535.35,0.07
2022-07-26,1528.78,1529.74,1513.88,1517.37,-1.17
2022-07-27,1532.26,1563.59,1529.84,1556.53,2.58
2022-07-28,1560.02,1578.78,1545.4,1575.97,1.25
2022-07-29,1582.26,1602.57,1578.96,1599.47,1.49
2022-08-01,1587.87,1604.31,1585.06,1593.77,-0.36
2022-08-02,1586.89,1602.46,1579.16,1583.7,-0.63
2022-08-03,1592.7,1613.01,1591.06,1608.08,1.54
2022-08-04,1607.31,1610.31,1600.24,1606.34,-0.11
2022-08-05,1589.12,1606.53,1589.12,1603.83,-0.16
2022-08-08,1610.88,1619.97,1597.54,1601.88,-0.12
2022-08-09,1598.8,1600.92,1591.25,1595.69,-0.39
2022-08-10,1624.33,1629.64,1616.59,1628.38,2.05
2022-08-11,1640.67,1648.12,1625.97,1628.58,0.01
2022-08-12,1637.29,1656.62,1632.93,1656.05,1.69
2022-08-15,1647.63,1664.65,1647.24,1663.01,0.42
2022-08-16,1658.46,1674.04,1655.28,1666.2,0.19
2022-08-17,1651.69,1665.42,1646.09,1654.69,-0.69
2022-08-18,1654.98,1661.65,1649.57,1658.76,0.25
2022-08-19,1647.44,1648.4,1632.84,1636.51,-1.34
2022-08-22,1616.3,1617.16,1598.4,1602.57,-2.07
2022-08-23,1600.05,1609.91,1595.8,1597.54,-0.31
2022-08-24,1597.24,1608.65,1594.44,1602.57,0.31
2022-08-25,1609.05,1625.39,1604.5,1625.39,1.42
2022-08-26,1625.01,1626.74,1570.27,1570.45,-3.38
2022-08-29,1557.6,1572.01,1554.12,1559.23,-0.71
2022-08-30,1564.75,1565.13,1533.7,1542.03,-1.1
2022-08-31,1548.51,1553.83,1530.22,1530.61,-0.74
2022-09-01,1521.13,1536.03,1510.2,1534.87,0.28
2022-09-02,1550.05,1554.69,1511.17,1518.91,-1.04
2022-09-06,1522.3,1525.68,1503.63,1512.43,-0.43
2022-09-07,1511.27,1542.99,1510.69,1539.89,1.82
2022-09-08,1528.87,1551.4,1525.39,1549.38,0.62
2022-09-09,1559.34,1577.04,1557.69,1573.26,1.54
2022-09-12,1589.03,1600.54,1587.67,1597.92,1.57
2022-09-13,1562.05,1566.97,1523.93,1528.78,-4.33
2022-09-14,1533.41,1539.8,1520.07,1533.81,0.33
2022-09-15,1526.93,1538.35,1510.79,1515.62,-1.19
2022-09-16,1499.86,1506.62,1490.77,1504.31,-0.75
2022-09-19,1490.96,1515.71,1490.96,1515.71,0.76
2022-09-20,1502.28,1505.86,1486.89,1498.31,-1.15
2022-09-21,1503.83,1517.94,1471.81,1471.81,-1.77
2022-09-22,1468.33,1472.48,1456.05,1458.85,-0.88
2022-09-23,1444.44,1444.44,1416.01,1435.06,-1.63
2022-09-26,1427.62,1442.8,1414.94,1419.97,-1.05
2022-09-27,1434.58,1443.47,1406.53,1416.2,-0.27
2022-09-28,1420.36,1451.02,1413.3,1443.18,1.91
2022-09-29,1428.78,1430.12,1401.4,1414.17,-2.01
2022-09-30,1409.53,1425.19,1391.54,1394.44,-1.4
2022-10-03,1406.24,1435.64,1399.47,1426.93,2.33
2022-10-04,1452.08,1471.62,1450.24,1471.13,3.1
2022-10-05,1454.31,1477.71,1445.02,1468.71,-0.16
2022-10-06,1462.62,1474.33,1451.31,1453.24,-1.05
2022-10-07,1436.41,1437.67,1405.28,1413.11,-2.76
2022-10-10,1417.16,1417.85,1392.7,1402.28,-0.77
2022-10-11,1394.15,1413.11,1384.87,1392.89,-0.67
2022-10-12,1394.54,1400.43,1387.29,1388.44,-0.32
2022-10-13,1358.56,1430.32,1354.88,1424.13,2.57
2022-10-14,1434.38,1440.87,1389.51,1392.41,-2.23
2022-10-17,1416.78,1431.96,1416.78,1427.33,2.51
2022-10-18,1460.02,1460.98,1430.52,1444.24,1.18
2022-10-19,1434.87,1446.95,1422.59,1434.29,-0.69
2022-10-20,1431.87,1449.47,1418.42,1421.62,-0.88
2022-10-21,1419.49,1458.08,1414.85,1456.43,2.45
2022-10-24,1462.91,1478.48,1451.5,1473.16,1.15
2022-10-25,1473.79,1498.6,1473.55,1497.15,1.63
2022-10-26,1484.29,1507.6,1483.32,1485.84,-0.76
2022-10-27,1490.82,1497.24,1475.3,1477.81,-0.54
2022-10-28,1477.13,1515.04,1477.04,1512.82,2.37
2022-10-31,1502.57,1510.2,1498.4,1502.28,-0.7
2022-11-01,1516.88,1517.94,1490.47,1495.21,-0.47
2022-11-02,1492.7,1510.6,1457.69,1457.69,-2.51
2022-11-03,1442.51,1453.83,1433.32,1442.03,-1.07
2022-11-04,1464.94,1472.01,1437.47,1462.23,1.4
2022-11-07,1467.94,1478.38,1459.14,1476.16,0.95
2022-11-08,1480.81,1495.8,1467.27,1483.61,0.5
2022-11-09,1474.22,1479.84,1450.83,1452.86,-2.07
2022-11-10,1506.72,1533.7,1497.54,1532.07,5.45
2022-11-11,1536.61,1551.02,1528.67,1547.44,1.0
2022-11-14,1540.18,1554.12,1533.99,1534.19,-0.86
2022-11-15,1558.37,1562.14,1531.96,1547.44,0.86
2022-11-16,1539.99,1544.24,1532.84,1534.96,-0.81
2022-11-17,1515.23,1532.74,1514.17,1530.52,-0.29
2022-11-18,1543.18,1543.18,1525.3,1537.77,0.47
2022-11-21,1531.96,1535.55,1524.22,1530.9,-0.45
2022-11-22,1539.12,1551.98,1533.12,1551.12,1.32
2022-11-23,1549.57,1562.62,1548.8,1560.2,0.59
2022-11-25,1558.56,1562.53,1557.31,1560.6,0.03
2022-11-28,1547.44,1554.12,1532.07,1535.84,-1.59
2022-11-29,1534.96,1539.99,1524.9,1532.64,-0.21
2022-11-30,1532.93,1579.07,1525.48,1579.07,3.03
2022-12-01,1584.29,1588.68,1568.62,1578.96,-0.01
2022-12-02,1559.05,1580.32,1559.05,1576.45,-0.16
2022-12-05,1564.56,1568.71,1542.7,1548.21,-1.79
2022-12-06,1547.44,1549.28,1517.07,1526.16,-1.42
2022-12-07,1521.13,1532.26,1518.33,1522.68,-0.23
2022-12-08,1529.36,1538.44,1523.55,1533.99,0.74
2022-12-09,1529.74,1539.41,1522.3,1522.88,-0.72
2022-12-12,1538.06,1557.2,1535.55,1557.2,2.25
2022-12-13,1601.02,1601.02,1558.08,1568.62,0.73
2022-12-14,1567.65,1581.87,1546.95,1559.14,-0.6
2022-12-15,1538.55,1541.35,1512.05,1519.39,-2.55
2022-12-16,1507.02,1513.01,1491.54,1500.24,-1.26
2022-12-19,1501.02,1502.17,1480.7,1487.58,-0.84
2022-12-20,1484.29,1495.6,1478.67,1488.84,0.08
2022-12-21,1499.28,1515.91,1497.54,1511.37,1.51
2022-12-22,1497.54,1499.09,1465.62,1489.22,-1.47
2022-12-23,1485.06,1498.02,1478.38,1497.06,0.53
2022-12-27,1497.35,1498.12,1484.67,1491.35,-0.38
2022-12-28,1491.25,1498.51,1472.01,1472.59,-1.26
2022-12-29,1483.81,1501.88,1481.48,1497.83,1.71
2022-12-30,1486.51,1493.95,1478.48,1493.86,-0.27
2023-01-03,1501.21,1509.05,1476.07,1487.87,-0.4
2023-01-04,1496.77,1507.11,1484.67,1498.8,0.73
2023-01-05,1489.8,1490.29,1478.78,1481.29,-1.17
2023-01-06,1493.86,1519.78,1481.78,1514.75,2.26
2023-01-09,1523.84,1536.99,1513.39,1513.79,-0.06
2023-01-10,1511.94,1524.62,1507.79,1524.33,0.7
2023-01-11,1531.38,1543.77,1527.71,1543.47,1.26
2023-01-12,1547.73,1554.4,1531.1,1548.51,0.33
2023-01-13,1535.93,1556.62,1534.38,1554.31,0.37
2023-01-17,1554.98,1560.88,1548.6,1551.31,-0.19
2023-01-18,1556.29,1560.11,1525.68,1526.36,-1.61
2023-01-19,1517.07,1524.22,1509.43,1514.65,-0.77
2023-01-20,1518.91,1543.57,1513.68,1542.89,1.86
2023-01-23,1546.47,1569.2,1542.61,1561.46,1.2
2023-01-24,1554.6,1563.2,1549.66,1559.91,-0.1
2023-01-25,1541.35,1561.17,1533.52,1559.72,-0.01
2023-01-26,1570.45,1577.04,1558.08,1576.36,1.07
2023-01-27,1572.1,1589.61,1571.42,1580.03,0.23
2023-01-30,1568.71,1577.42,1558.85,1560.2,-1.26
2023-01-31,1562.05,1582.45,1560.6,1582.45,1.43
2023-02-01,1577.04,1610.31,1566.92,1599.18,1.06
2023-02-02,1614.56,1627.9,1606.91,1621.23,1.38
2023-02-03,1601.5,1622.3,1599.76,1604.6,-1.03
2023-02-06,1594.63,1599.95,1587.87,1594.92,-0.6
2023-02-07,1590.87,1620.07,1585.73,1615.33,1.28
2023-02-08,1607.2,1612.34,1594.44,1597.73,-1.09
2023-02-09,1611.76,1611.76,1577.9,1583.12,-0.91
2023-02-10,1578.38,1587.67,1574.52,1586.03,0.18
2023-02-13,1589.12,1605.08,1586.89,1604.6,1.17
2023-02-14,1598.21,1613.01,1587.67,1603.83,-0.05
2023-02-15,1594.63,1608.76,1591.35,1608.76,0.31
2023-02-16,1587.96,1603.63,1585.55,1585.73,-1.43
2023-02-17,1576.16,1582.26,1569.11,1581.48,-0.27
2023-02-21,1565.33,1568.91,1548.4,1549.57,-2.02
2023-02-22,1551.12,1557.02,1541.15,1547.15,-0.16
2023-02-23,1558.85,1560.6,1537.77,1554.5,0.48
2023-02-24,1534.29,1541.15,1527.22,1538.15,-1.05
2023-02-27,1551.6,1556.67,1539.22,1542.8,0.3
2023-02-28,1540.77,1548.6,1537.47,1537.47,-0.35
2023-03-01,1532.84,1538.15,1525.48,1530.61,-0.45
2023-03-02,1522.39,1545.4,1520.94,1541.73,0.73
2023-03-03,1549.66,1567.85,1546.66,1566.68,1.62
2023-03-06,1570.27,1579.16,1566.01,1567.75,0.07
2023-03-07,1567.45,1568.13,1540.67,1543.38,-1.55
2023-03-08,1543.57,1548.6,1536.51,1545.4,0.13
2023-03-09,1548.21,1554.88,1512.62,1516.59,-1.86
2023-03-10,1513.83,1522.1,1488.06,1494.83,-1.43
2023-03-13,1490.38,1523.69,1485.93,1504.31,0.63
2023-03-14,1525.1,1536.7,1510.98,1528.96,1.64
2023-03-15,1504.79,1519.39,1497.06,1519.39,-0.63
2023-03-16,1508.94,1546.77,1506.91,1544.83,1.67
2023-03-17,1541.15,1544.15,1521.33,1526.64,-1.18
2023-03-20,1529.93,1542.99,1527.04,1540.87,0.93
2023-03-21,1555.37,1564.08,1548.89,1561.76,1.36
2023-03-22,1561.27,1575.78,1535.44,1535.44,-1.69
2023-03-23,1546.38,1562.53,1527.52,1538.15,0.18
2023-03-24,1532.84,1548.51,1523.26,1548.31,0.66
2023-03-27,1557.6,1560.49,1547.54,1550.54,0.14
2023-03-28,1548.12,1550.83,1540.04,1548.02,-0.16
2023-03-29,1564.17,1571.04,1559.82,1569.68,1.4
2023-03-30,1580.03,1580.9,1571.13,1578.19,0.54
2023-03-31,1582.55,1601.88,1582.36,1601.02,1.45
2023-04-03,1598.6,1608.37,1596.95,1606.82,0.36
2023-04-04,1609.34,1610.4,1592.03,1597.15,-0.6
2023-04-05,1593.77,1596.47,1585.84,1592.7,-0.28
2023-04-06,1588.93,1599.66,1584.96,1598.6,0.37
2023-04-10,1588.44,1600.14,1585.73,1599.86,0.08
2023-04-11,1602.08,1606.05,1597.35,1600.34,0.03
2023-04-12,1608.76,1609.62,1591.44,1593.57,-0.42
2023-04-13,1597.73,1615.71,1595.64,1614.17,1.29
2023-04-14,1611.85,1620.45,1600.92,1610.49,-0.23
2023-04-17,1609.91,1615.82,1604.79,1615.82,0.33
2023-04-18,1622.3,1622.68,1611.08,1616.78,0.06
2023-04-19,1609.14,1619.63,1608.56,1616.68,-0.01
2023-04-20,1603.63,1613.68,1600.43,1606.43,-0.63
2023-04-21,1607.4,1609.53,1599.76,1607.69,0.08
2023-04-24,1607.02,1610.79,1601.21,1609.05,0.08
2023-04-25,1601.02,1603.14,1583.22,1583.41,-1.59
2023-04-26,1586.03,1589.8,1574.22,1576.64,-0.43
2023-04-27,1586.03,1608.27,1585.15,1606.72,1.91
2023-04-28,1603.54,1620.56,1603.54,1620.36,0.85
2023-05-01,1618.91,1626.93,1617.94,1619.2,-0.07
2023-05-02,1615.82,1615.82,1588.55,1600.43,-1.16
2023-05-03,1602.17,1611.37,1588.15,1589.51,-0.68
2023-05-04,1584.48,1585.15,1571.62,1576.64,-0.81
2023-05-05,1591.06,1610.4,1590.58,1605.57,1.83
2023-05-08,1606.91,1608.27,1600.72,1606.34,0.05
2023-05-09,1599.95,1603.54,1598.21,1599.28,-0.44
2023-05-10,1610.6,1612.91,1590.96,1605.86,0.41
2023-05-11,1602.46,1603.92,1594.44,1602.66,-0.2
2023-05-12,1607.79,1608.46,1590.67,1600.63,-0.13
2023-05-15,1602.95,1607.4,1595.12,1605.76,0.32
2023-05-16,1601.31,1604.79,1594.92,1595.02,-0.67
2023-05-17,1602.86,1616.49,1596.18,1613.68,1.17
2023-05-18,1612.62,1630.7,1611.17,1629.16,0.96
2023-05-19,1632.55,1634.58,1621.71,1626.55,-0.16
2023-05-22,1626.84,1633.03,1621.52,1626.74,0.01
2023-05-23,1620.16,1623.69,1606.62,1608.56,-1.12
2023-05-24,1601.69,1602.86,1591.63,1596.28,-0.76
2023-05-25,1609.62,1615.04,1600.72,1609.34,0.82
2023-05-26,1611.94,1632.93,1611.56,1629.93,1.28
2023-05-30,1637.67,1639.61,1624.9,1630.12,0.01
2023-05-31,1622.39,1626.26,1614.85,1621.04,-0.56
2023-06-01,1621.71,1639.99,1616.3,1635.64,0.9
2023-06-02,1646.38,1662.43,1644.06,1658.56,1.4
2023-06-05,1660.31,1665.62,1653.14,1656.34,-0.13
2023-06-06,1653.92,1661.37,1651.31,1659.23,0.17
2023-06-07,1660.69,1665.23,1651.69,1653.43,-0.35
2023-06-08,1652.57,1664.08,1649.76,1662.72,0.56
2023-06-09,1666.3,1673.26,1661.37,1665.23,0.15
2023-06-12,1686.22,1697.83,1683.32,1697.44,1.93
2023-06-13,1703.72,1710.98,1700.72,1708.65,0.66
2023-06-14,1709.72,1717.27,1696.09,1709.43,0.05
2023-06-15,1705.76,1735.15,1705.08,1729.93,1.2
2023-06-16,1738.15,1738.15,1722.1,1722.78,-0.41
2023-06-20,1715.71,1719.3,1706.34,1715.23,-0.44
2023-06-21,1710.4,1713.68,1703.54,1705.66,-0.56
2023-06-22,1701.4,1711.46,1700.05,1711.37,0.33
2023-06-23,1696.95,1705.17,1695.31,1697.92,-0.79
2023-06-26,1695.51,1703.24,1690.09,1690.87,-0.42
2023-06-27,1694.15,1711.65,1692.32,1709.43,1.1
2023-06-28,1704.31,1713.79,1702.08,1709.53,0.01
2023-06-29,1707.4,1716.59,1706.05,1715.42,0.34
2023-06-30,1728.0,1739.8,1727.42,1736.41,1.22
2023-07-03,1733.9,1738.44,1733.03,1737.77,0.08
2023-07-05,1730.12,1737.29,1730.12,1734.38,-0.2
2023-07-06,1719.01,1721.62,1709.82,1719.97,-0.83
2023-07-07,1716.3,1731.38,1714.65,1715.42,-0.26
2023-07-10,1713.88,1720.16,1711.56,1719.59,0.24
2023-07-11,1722.68,1732.26,1718.53,1730.52,0.64
2023-07-12,1745.69,1749.66,1739.8,1743.66,0.76
2023-07-13,1750.92,1760.69,1749.28,1757.4,0.79
2023-07-14,1760.88,1764.17,1753.24,1755.86,-0.09
2023-07-17,1755.08,1766.01,1755.08,1761.65,0.33
2023-07-18,1760.11,1777.22,1758.37,1774.62,0.74
2023-07-19,1778.29,1782.93,1775.19,1777.62,0.17
2023-07-20,1774.04,1777.04,1762.91,1766.01,-0.65
2023-07-21,1771.71,1773.26,1765.62,1765.91,-0.01
2023-07-24,1769.97,1776.36,1767.56,1773.26,0.42
2023-07-25,1771.71,1782.84,1771.71,1777.71,0.25
2023-07-26,1773.84,1783.22,1769.78,1777.71,0.0
2023-07-27,1790.87,1792.41,1762.05,1765.42,-0.69
2023-07-28,1778.1,1785.73,1775.39,1781.87,0.93
2023-07-31,1783.9,1786.8,1778.67,1785.44,0.2
2023-08-01,1779.55,1782.74,1776.07,1779.93,-0.31
2023-08-02,1767.16,1767.75,1751.69,1754.79,-1.41
2023-08-03,1745.98,1756.34,1743.28,1748.51,-0.36
2023-08-04,1755.17,1764.27,1738.63,1740.47,-0.46
2023-08-07,1748.21,1756.14,1745.02,1755.37,0.86
2023-08-08,1744.63,1749.38,1733.9,1747.73,-0.44
2023-08-09,1748.4,1748.98,1732.55,1735.73,-0.69
2023-08-10,1744.35,1757.98,1730.7,1735.26,-0.03
2023-08-11,1727.57,1738.06,1725.01,1733.03,-0.13
2023-08-14,1730.9,1743.47,1728.96,1743.47,0.6
2023-08-15,1735.73,1737.18,1720.45,1722.88,-1.18
2023-08-16,1720.56,1727.33,1709.43,1709.82,-0.76
2023-08-17,1714.65,1716.01,1693.95,1695.6,-0.83
2023-08-18,1682.93,1700.54,1682.93,1696.18,0.03
2023-08-21,1700.05,1710.11,1691.54,1706.91,0.63
2023-08-22,1713.88,1713.88,1700.05,1702.17,-0.28
2023-08-23,1705.76,1723.45,1705.76,1720.65,1.09
2023-08-24,1727.13,1728.48,1696.47,1696.47,-1.41
2023-08-25,1702.76,1713.01,1688.84,1707.6,0.66
2023-08-28,1716.88,1720.65,1711.27,1718.23,0.62
2023-08-29,1718.13,1744.15,1717.16,1743.38,1.46
2023-08-30,1744.73,1752.66,1741.63,1750.24,0.39
2023-08-31,1751.74,1756.05,1746.66,1747.15,-0.18
2023-09-01,1757.02,1759.05,1743.77,1749.09,0.11
2023-09-05,1747.35,1748.8,1741.44,1741.73,-0.42
2023-09-06,1738.44,1738.44,1720.36,1729.74,-0.69
2023-09-07,1716.49,1725.68,1715.53,1723.74,-0.35
2023-09-08,1723.36,1731.96,1722.1,1726.36,0.15
2023-09-11,1756.05,1757.6,1748.51,1756.53,1.75
2023-09-12,1749.86,1755.66,1743.66,1746.18,-0.59
2023-09-13,1746.28,1752.46,1742.12,1747.63,0.08
2023-09-14,1757.6,1764.75,1751.79,1761.94,0.82
2023-09-15,1755.86,1756.05,1739.03,1740.09,-1.24
2023-09-18,1738.63,1746.38,1736.99,1741.54,0.08
2023-09-19,1737.38,1739.41,1726.36,1736.89,-0.27
2023-09-20,1741.92,1743.66,1720.07,1720.36,-0.95
2023-09-21,1707.98,1709.14,1691.06,1691.35,-1.69
2023-09-22,1695.21,1701.6,1685.73,1686.7,-0.27
2023-09-25,1682.07,1694.24,1680.41,1693.77,0.42
2023-09-26,1682.36,1684.29,1665.62,1669.11,-1.46
2023-09-27,1673.55,1675.68,1654.69,1668.82,-0.02
2023-09-28,1666.78,1684.87,1664.17,1677.81,0.54
2023-09-29,1690.38,1690.77,1667.85,1673.84,-0.24
2023-10-02,1670.07,1677.81,1661.85,1672.88,-0.06
2023-10-03,1664.46,1669.97,1644.63,1650.63,-1.33
2023-10-04,1651.5,1664.85,1645.98,1662.05,0.69
2023-10-05,1659.82,1663.59,1647.24,1660.11,-0.12
2023-10-06,1650.92,1686.03,1644.83,1679.16,1.15
2023-10-09,1671.81,1692.61,1669.78,1690.29,0.66
2023-10-10,1692.8,1709.43,1691.15,1699.09,0.52
2023-10-11,1703.63,1706.53,1693.38,1705.57,0.38
2023-10-12,1706.82,1708.76,1684.96,1694.54,-0.65
2023-10-13,1700.43,1705.08,1679.45,1685.93,-0.51
2023-10-16,1694.44,1707.49,1693.77,1702.37,0.98
2023-10-17,1690.77,1711.08,1689.12,1702.95,0.03
2023-10-18,1695.02,1699.09,1675.48,1679.45,-1.38
2023-10-19,1681.48,1689.12,1661.56,1664.27,-0.9
2023-10-20,1661.46,1663.97,1643.28,1643.66,-1.24
2023-10-23,1636.61,1655.76,1630.03,1640.96,-0.16
2023-10-24,1648.89,1657.02,1641.15,1651.98,0.67
2023-10-25,1645.21,1645.21,1626.26,1628.19,-1.44
2023-10-26,1622.59,1626.55,1604.98,1608.46,-1.21
2023-10-27,1614.75,1615.53,1594.83,1600.92,-0.47
2023-10-30,1611.85,1623.64,1606.43,1619.49,1.16
2023-10-31,1621.42,1630.52,1614.08,1629.93,0.64
2023-11-01,1633.32,1649.66,1630.9,1646.47,1.01
2023-11-02,1661.37,1677.9,1661.37,1677.22,1.87
2023-11-03,1686.61,1698.8,1686.22,1692.61,0.92
2023-11-06,1695.6,1697.92,1688.55,1696.18,0.21
2023-11-07,1695.98,1703.34,1691.73,1700.54,0.26
2023-11-08,1702.66,1705.08,1692.61,1702.08,0.09
2023-11-09,1704.88,1705.66,1686.03,1687.47,-0.86
2023-11-10,1695.69,1715.04,1689.8,1714.08,1.58
2023-11-13,1708.37,1716.2,1705.08,1712.23,-0.11
2023-11-14,1735.73,1750.05,1734.87,1744.92,1.91
2023-11-15,1750.92,1754.88,1745.02,1748.4,0.2
2023-11-16,1745.89,1750.92,1741.54,1749.86,0.08
2023-11-17,1750.05,1753.92,1745.89,1751.4,0.09
2023-11-20,1750.83,1768.13,1750.54,1764.85,0.77
2023-11-21,1760.49,1761.94,1755.57,1760.6,-0.24
2023-11-22,1766.3,1771.62,1762.23,1766.68,0.35
2023-11-24,1766.49,1767.85,1765.23,1767.16,0.03
2023-11-27,1764.94,1767.85,1762.43,1764.27,-0.16
2023-11-28,1761.94,1770.65,1759.91,1764.94,0.04
2023-11-29,1773.55,1778.29,1762.34,1763.97,-0.05
2023-11-30,1766.3,1771.33,1758.27,1770.74,0.38
2023-12-01,1767.16,1782.26,1765.13,1779.84,0.51
2023-12-04,1766.39,1771.62,1761.56,1770.36,-0.53
2023-12-05,1764.75,1773.84,1763.39,1769.88,-0.03
2023-12-06,1778.19,1778.48,1761.08,1762.82,-0.4
2023-12-07,1769.88,1777.9,1767.94,1775.1,0.7
2023-12-08,1771.9,1784.67,1771.42,1782.07,0.39
2023-12-11,1801.16,1810.2,1800.05,1809.82,1.56
2023-12-12,1807.4,1817.27,1803.63,1817.16,0.41
2023-12-13,1818.04,1842.89,1816.97,1841.92,1.36
2023-12-14,1848.98,1853.63,1836.22,1846.38,0.24
2023-12-15,1843.95,1848.69,1840.58,1844.24,-0.12
2023-12-18,1849.66,1857.6,1849.28,1854.12,0.54
2023-12-19,1855.76,1864.94,1855.76,1864.65,0.57
2023-12-20,1860.79,1868.62,1836.89,1837.18,-1.47
2023-12-21,1849.28,1856.05,1839.8,1855.76,1.01
2023-12-22,1859.53,1865.23,1851.02,1858.94,0.17
2023-12-26,1860.4,1870.16,1860.11,1866.59,0.41
2023-12-27,1865.62,1870.07,1863.39,1870.07,0.19
2023-12-28,1869.49,1872.1,1867.75,1869.39,-0.04
2023-12-29,1867.65,1870.36,1855.86,1864.17,-0.28
2024-01-02,1850.34,1855.86,1843.57,1852.08,-0.65
2024-01-03,1843.09,1845.69,1834.1,1835.73,-0.88
2024-01-04,1832.93,1843.86,1828.78,1830.03,-0.31
2024-01-05,1829.45,1841.35,1825.97,1831.78,0.1
2024-01-08,1833.9,1858.08,1833.03,1857.2,1.39
2024-01-09,1846.77,1858.27,1844.44,1854.31,-0.16
2024-01-10,1855.17,1867.85,1854.02,1864.56,0.55
2024-01-11,1867.37,1869.2,1846.57,1862.62,-0.1
2024-01-12,1867.94,1870.94,1857.79,1863.3,0.04
2024-01-16,1857.69,1862.82,1848.98,1856.24,-0.38
2024-01-17,1843.86,1847.44,1836.32,1845.6,-0.57
2024-01-18,1851.79,1863.3,1845.31,1860.88,0.83
2024-01-19,1865.91,1884.96,1862.82,1883.61,1.22
2024-01-22,1889.99,1894.83,1885.55,1888.25,0.25
2024-01-23,1890.18,1894.35,1885.64,1893.47,0.28
2024-01-24,1904.4,1908.37,1893.86,1894.92,0.08
2024-01-25,1902.57,1905.66,1894.44,1904.79,0.52
2024-01-26,1902.76,1908.76,1898.8,1902.08,-0.14
2024-01-29,1902.66,1917.16,1900.63,1916.59,0.76
2024-01-30,1913.88,1917.56,1911.76,1914.94,-0.09
2024-01-31,1904.79,1907.31,1883.99,1883.99,-1.62
2024-02-01,1889.41,1906.82,1885.93,1906.43,1.19
2024-02-02,1908.27,1933.32,1906.91,1926.55,1.06
2024-02-05,1923.16,1925.39,1910.31,1919.49,-0.37
2024-02-06,1923.07,1925.59,1916.97,1924.33,0.25
2024-02-07,1933.22,1941.92,1929.84,1940.29,0.83
2024-02-08,1939.51,1941.73,1936.32,1940.96,0.03
2024-02-09,1941.92,1952.95,1940.87,1951.02,0.52
2024-02-12,1951.02,1959.82,1947.54,1950.34,-0.03
2024-02-13,1923.55,1929.64,1909.72,1923.36,-1.38
2024-02-14,1933.52,1941.83,1923.74,1941.54,0.95
2024-02-15,1942.03,1952.95,1939.8,1951.98,0.54
2024-02-16,1951.21,1955.28,1939.89,1941.92,-0.52
2024-02-20,1934.67,1937.38,1922.59,1931.48,-0.54
2024-02-21,1925.39,1933.41,1918.71,1932.36,0.05
2024-02-22,1958.27,1975.88,1954.5,1972.3,2.07
2024-02-23,1978.67,1981.78,1970.16,1972.88,0.03
2024-02-26,1974.33,1975.97,1964.94,1965.04,-0.4
2024-02-27,1967.65,1969.59,1960.25,1969.01,0.2
2024-02-28,1962.23,1968.13,1960.79,1965.62,-0.17
2024-02-29,1972.39,1978.38,1961.56,1973.16,0.38
2024-03-01,1975.01,1991.92,1973.55,1990.18,0.86
2024-03-04,1987.47,1995.12,1986.61,1987.87,-0.12
2024-03-05,1979.07,1981.19,1958.76,1967.27,-1.04
2024-03-06,1980.99,1986.22,1972.1,1977.52,0.52
2024-03-07,1990.18,2000.05,1986.03,1997.15,0.99
2024-03-08,1998.02,2008.76,1981.48,1983.9,-0.66
2024-03-11,2002.46,2008.08,1995.12,2005.66,1.1
2024-03-12,2014.17,2029.64,2003.92,2027.42,1.08
2024-03-13,2028.0,2029.36,2018.71,2024.33,-0.15
2024-03-14,2026.93,2027.52,2007.02,2018.62,-0.28
2024-03-15,2005.86,2012.14,1999.18,2005.17,-0.67
2024-03-18,2021.81,2027.04,2015.62,2017.37,0.61
2024-03-19,2013.79,2028.78,2009.82,2027.13,0.48
2024-03-20,2027.81,2046.18,2024.42,2044.83,0.87
2024-03-21,2056.43,2059.05,2050.53,2050.72,0.29
2024-03-22,2051.01,2052.57,2046.47,2047.73,-0.15
2024-03-25,2041.25,2045.89,2040.47,2042.21,-0.27
2024-03-26,2046.09,2047.54,2036.22,2036.8,-0.26
2024-03-27,2047.73,2053.72,2039.03,2053.72,0.83
2024-03-28,2053.92,2058.36,2052.37,2052.86,-0.04
2024-04-01,2054.41,2056.91,2043.57,2048.11,-0.23
2024-04-02,2031.67,2035.26,2025.48,2034.87,-0.65
2024-04-03,2030.41,2042.7,2030.12,2037.38,0.12
2024-04-04,2052.28,2053.53,2009.62,2009.82,-1.35
2024-04-05,2015.91,2039.61,2014.46,2032.45,1.13
2024-04-08,2034.87,2038.15,2029.36,2032.26,-0.01
2024-04-09,2039.61,2040.29,2015.13,2034.96,0.13
2024-04-10,2011.17,2021.81,2005.86,2013.79,-1.04
2024-04-11,2019.3,2033.81,2004.6,2028.38,0.72
2024-04-12,2013.11,2018.71,1992.61,1998.89,-1.45
2024-04-15,2016.39,2016.39,1970.65,1974.22,-1.23
2024-04-16,1974.62,1981.19,1965.53,1969.83,-0.22
2024-04-17,1979.36,1980.12,1952.46,1958.46,-0.58
2024-04-18,1962.62,1970.94,1949.28,1953.54,-0.25
2024-04-19,1951.88,1956.34,1930.99,1935.93,-0.9
2024-04-22,1946.47,1963.88,1936.61,1953.24,0.89
2024-04-23,1961.46,1977.81,1958.94,1975.59,1.14
2024-04-24,1980.03,1982.36,1966.01,1975.97,0.02
2024-04-25,1948.8,1969.3,1942.99,1965.71,-0.52
2024-04-26,1977.42,1990.87,1974.71,1984.67,0.96
2024-04-29,1991.92,1993.77,1980.41,1991.35,0.34
2024-04-30,1984.82,1988.73,1959.62,1959.62,-1.59
2024-05-01,1956.14,1982.55,1950.72,1952.66,-0.36
2024-05-02,1968.33,1972.97,1948.6,1970.07,0.89
2024-05-03,1994.06,1998.21,1983.41,1993.86,1.21
2024-05-06,2003.14,2014.17,2001.6,2014.17,1.02
2024-05-07,2017.94,2021.9,2013.79,2016.68,0.12
2024-05-08,2008.65,2018.23,2008.65,2016.49,-0.01
2024-05-09,2016.3,2027.04,2013.3,2026.74,0.51
2024-05-10,2032.84,2036.12,2024.42,2029.84,0.15
2024-05-13,2035.84,2035.84,2024.62,2029.26,-0.03
2024-05-14,2029.74,2040.29,2027.62,2038.15,0.44
2024-05-15,2049.66,2064.46,2045.31,2063.2,1.23
2024-05-16,2063.11,2069.11,2057.78,2058.76,-0.22
2024-05-17,2058.95,2060.78,2052.76,2060.78,0.1
2024-05-20,2060.98,2068.91,2059.91,2063.01,0.11
2024-05-21,2059.53,2068.53,2059.05,2068.24,0.25
2024-05-22,2065.33,2067.66,2053.05,2061.56,-0.32
2024-05-23,2072.78,2072.78,2040.29,2044.73,-0.82
2024-05-24,2050.34,2061.56,2048.41,2058.76,0.69
2024-05-28,2061.47,2062.24,2049.18,2059.91,0.06
2024-05-29,2043.57,2049.57,2042.32,2043.77,-0.78
2024-05-30,2037.87,2041.35,2026.64,2031.87,-0.58
2024-05-31,2033.99,2049.95,2013.88,2048.11,0.8
2024-06-03,2055.18,2055.28,2029.84,2049.47,0.07
2024-06-04,2044.73,2054.99,2038.55,2051.7,0.11
2024-06-05,2060.89,2076.07,2053.97,2076.07,1.19
2024-06-06,2076.74,2078.58,2068.24,2075.2,-0.04
2024-06-07,2069.68,2083.22,2066.39,2072.01,-0.15
2024-06-10,2068.43,2079.07,2066.3,2077.32,0.26
2024-06-11,2071.52,2083.03,2063.68,2083.03,0.27
2024-06-12,2101.01,2110.01,2095.7,2099.57,0.79
2024-06-13,2106.05,2106.62,2092.32,2103.82,0.2
2024-06-14,2096.66,2103.82,2092.32,2103.63,-0.01
2024-06-17,2125.68,2151.11,2123.84,2145.51,1.99
2024-06-18,2145.89,2151.7,2144.53,2150.34,0.23
2024-06-20,2154.89,2157.2,2137.67,2144.93,-0.25
2024-06-21,2140.76,2145.31,2135.55,2139.99,-0.23
2024-06-24,2139.99,2150.14,2133.51,2133.51,-0.3
2024-06-25,2137.28,2142.99,2132.45,2141.83,0.39
2024-06-26,2136.32,2146.57,2134.19,2143.76,0.09
2024-06-27,2142.99,2148.8,2139.32,2146.18,0.11
2024-06-28,2148.31,2160.49,2132.55,2135.84,-0.48
2024-07-01,2141.83,2142.8,2129.55,2140.18,0.2
2024-07-02,2133.9,2154.41,2133.61,2154.3,0.66
2024-07-03,2152.57,2164.55,2152.57,2162.67,0.39
2024-07-05,2163.39,2176.26,2160.78,2174.43,0.54
2024-07-08,2177.51,2180.7,2172.88,2175.78,0.06
2024-07-09,2180.7,2183.8,2177.42,2178.62,0.13
2024-07-10,2183.32,2201.11,2181.97,2199.86,0.97
2024-07-11,2200.53,2203.24,2178.0,2181.68,-0.83
2024-07-12,2183.99,2208.07,2182.93,2190.76,0.42
2024-07-15,2201.7,2212.05,2192.03,2199.47,0.4
2024-07-16,2204.59,2213.11,2201.41,2212.34,0.59
2024-07-17,2188.39,2194.34,2179.36,2180.9,-1.42
2024-07-18,2186.7,2190.09,2155.08,2164.07,-0.77
2024-07-19,2162.62,2167.95,2144.15,2148.31,-0.73
2024-07-22,2163.88,2172.49,2155.95,2171.14,1.06
2024-07-23,2169.59,2177.71,2164.26,2166.39,-0.22
2024-07-24,2145.89,2147.64,2113.49,2116.01,-2.33
2024-07-25,2116.3,2140.38,2101.7,2104.99,-0.52
2024-07-26,2119.39,2138.55,2116.3,2127.22,1.06
2024-07-29,2133.9,2137.38,2120.51,2128.68,0.07
2024-07-30,2134.48,2138.25,2103.82,2116.68,-0.56
2024-07-31,2145.02,2161.85,2139.03,2149.95,1.57
2024-08-01,2158.18,2166.49,2106.43,2120.55,-1.37
2024-08-02,2089.46,2095.31,2062.72,2079.55,-1.93
2024-08-05,1992.99,2042.21,1991.06,2019.39,-2.89
2024-08-06,2027.42,2066.11,2020.27,2036.03,0.82
2024-08-07,2061.07,2072.88,2020.45,2023.07,-0.64
2024-08-08,2043.28,2071.61,2034.96,2068.33,2.24
2024-08-09,2065.24,2083.12,2059.91,2076.93,0.42
2024-08-12,2081.87,2087.38,2069.15,2077.03,0.0
2024-08-13,2090.76,2112.43,2089.7,2111.76,1.67
2024-08-14,2114.95,2122.78,2104.11,2118.24,0.31
2024-08-15,2141.05,2155.18,2138.05,2153.82,1.68
2024-08-16,2148.11,2160.89,2146.47,2157.98,0.19
2024-08-19,2159.91,2178.2,2156.24,2177.8,0.92
2024-08-20,2176.55,2183.03,2169.49,2174.43,-0.15
2024-08-21,2178.58,2187.67,2171.81,2182.84,0.39
2024-08-22,2188.64,2190.96,2159.72,2165.04,-0.82
2024-08-23,2176.36,2190.18,2167.66,2186.7,1.0
2024-08-26,2190.86,2192.89,2174.32,2180.9,-0.27
2024-08-27,2175.59,2185.35,2171.14,2184.09,0.15
2024-08-28,2181.68,2183.41,2157.78,2170.26,-0.63
2024-08-29,2178.0,2190.86,2166.2,2170.16,0.0
2024-08-30,2178.72,2191.05,2164.36,2189.32,0.88
2024-09-03,2176.84,2177.51,2134.39,2144.64,-2.04
2024-09-04,2136.41,2152.66,2133.61,2138.74,-0.28
2024-09-05,2139.22,2149.66,2124.13,2133.03,-0.27
2024-09-06,2133.9,2140.09,2093.38,2096.38,-1.72
2024-09-09,2112.82,2124.81,2105.47,2119.78,1.12
2024-09-10,2127.13,2129.93,2107.89,2129.45,0.46
2024-09-11,2126.74,2153.63,2093.86,2149.76,0.95
2024-09-12,2152.28,2168.91,2143.38,2167.16,0.81
2024-09-13,2169.39,2182.36,2168.53,2178.0,0.5
2024-09-16,2200.43,2205.95,2193.47,2204.3,1.21
2024-09-17,2212.91,2219.2,2196.76,2205.95,0.07
2024-09-18,2207.3,2226.21,2196.32,2197.34,-0.39
2024-09-19,2235.45,2242.61,2223.74,2234.86,1.71
2024-09-20,2228.78,2233.7,2218.04,2229.36,-0.25
2024-09-23,2233.61,2237.47,2228.78,2234.28,0.22
2024-09-24,2237.57,2240.96,2226.36,2240.57,0.28
2024-09-25,2240.86,2242.99,2231.68,2236.22,-0.19
2024-09-26,2253.72,2253.82,2235.45,2244.44,0.37
2024-09-27,2248.7,2251.99,2237.09,2240.38,-0.18
2024-09-30,2236.41,2251.41,2226.84,2248.6,0.37
2024-10-01,2247.34,2247.34,2218.04,2228.39,-0.9
2024-10-02,2223.36,2232.84,2214.75,2228.0,-0.02
2024-10-03,2222.39,2231.97,2215.14,2224.22,-0.17
2024-10-04,2241.54,2245.51,2224.76,2243.66,0.87
2024-10-07,2236.8,2239.22,2218.72,2223.07,-0.92
2024-10-08,2233.12,2246.18,2229.84,2243.47,0.92
2024-10-09,2243.38,2261.56,2241.45,2259.53,0.72
2024-10-10,2253.63,2260.3,2248.8,2254.99,-0.2
2024-10-11,2253.43,2269.97,2252.95,2266.78,0.52
2024-10-14,2273.55,2289.12,2272.2,2285.74,0.84
2024-10-15,2287.76,2287.76,2263.39,2268.43,-0.76
2024-10-16,2267.55,2279.55,2264.36,2277.71,0.41
2024-10-17,2291.93,2291.93,2276.55,2277.03,-0.03
2024-10-18,2283.51,2288.16,2277.37,2284.97,0.35
2024-10-21,2282.36,2285.55,2269.01,2281.09,-0.17
2024-10-22,2270.16,2283.99,2267.95,2279.55,-0.07
2024-10-23,2270.94,2272.59,2244.15,2258.18,-0.94
2024-10-24,2265.43,2265.43,2252.66,2262.72,0.2
2024-10-25,2271.61,2282.64,2257.49,2261.66,-0.05
2024-10-28,2274.03,2274.51,2266.88,2267.75,0.27
2024-10-29,2263.88,2275.78,2258.27,2271.32,0.16
2024-10-30,2269.2,2277.13,2261.47,2264.07,-0.32
2024-10-31,2245.8,2246.18,2219.3,2219.88,-1.95
2024-11-01,2227.8,2245.02,2225.39,2228.2,0.37
2024-11-04,2227.71,2232.55,2214.46,2221.72,-0.29
2024-11-05,2224.91,2248.6,2224.91,2248.51,1.21
2024-11-06,2296.09,2308.18,2282.93,2304.21,2.48
2024-11-07,2312.72,2326.07,2312.05,2322.01,0.77
2024-11-08,2323.64,2336.61,2323.36,2330.9,0.38
2024-11-11,2337.67,2338.45,2326.36,2333.99,0.13
2024-11-12,2332.36,2335.06,2316.2,2325.59,-0.36
2024-11-13,2327.42,2334.57,2318.24,2326.64,0.05
2024-11-14,2327.32,2328.78,2309.34,2312.82,-0.59
2024-11-15,2296.28,2298.51,2273.55,2280.41,-1.4
2024-11-18,2281.68,2295.11,2279.16,2290.38,0.44
2024-11-19,2275.68,2300.72,2273.45,2297.34,0.3
2024-11-20,2297.44,2298.6,2274.81,2296.86,-0.02
2024-11-21,2308.18,2315.24,2285.64,2309.62,0.56
2024-11-22,2308.66,2318.33,2306.91,2316.01,0.28
2024-11-25,2331.28,2336.22,2314.36,2323.55,0.33
2024-11-26,2328.59,2337.95,2325.57,2336.32,0.55
2024-11-27,2333.91,2335.26,2321.51,2326.84,-0.41
2024-11-29,2329.26,2344.25,2328.48,2340.86,0.6
2024-12-02,2342.8,2347.45,2340.57,2344.53,0.16
2024-12-03,2344.25,2346.57,2339.7,2345.32,0.03
2024-12-04,2351.89,2360.3,2349.38,2358.95,0.58
2024-12-05,2359.24,2362.53,2354.4,2355.18,-0.16
2024-12-06,2357.59,2363.78,2356.05,2358.84,0.16
2024-12-09,2357.79,2358.86,2344.34,2346.28,-0.53
2024-12-10,2348.03,2350.15,2336.61,2339.41,-0.29
2024-12-11,2350.15,2360.59,2349.18,2357.21,0.76
2024-12-12,2352.66,2354.98,2344.43,2344.43,-0.54
2024-12-13,2349.95,2353.82,2337.09,2342.31,-0.09
2024-12-16,2377.03,2384.39,2373.99,2380.32,1.62
2024-12-17,2369.39,2374.53,2365.43,2370.41,-0.42
2024-12-18,2368.91,2378.28,2296.53,2296.53,-3.12
2024-12-19,2316.78,2322.87,2295.11,2295.32,-0.05
2024-12-20,2284.47,2340.66,2282.45,2322.01,1.16
2024-12-23,2320.64,2337.57,2307.7,2334.67,0.55
2024-12-24,2339.03,2359.34,2337.39,2359.24,1.05
2024-12-26,2351.89,2362.62,2345.8,2357.68,-0.07
2024-12-27,2340.57,2342.41,2314.76,2331.49,-1.11
2024-12-30,2303.15,2317.93,2289.8,2304.89,-1.14
2024-12-31,2310.59,2313.3,2289.31,2296.18,-0.38
2025-01-02,2306.63,2315.14,2272.78,2289.22,-0.3
2025-01-03,2299.66,2319.78,2295.79,2317.41,1.23
2025-01-06,2332.45,2347.34,2323.2,2329.26,0.51
2025-01-07,2337.76,2338.55,2296.08,2303.53,-1.1
2025-01-08,2302.09,2310.11,2289.02,2304.99,0.06
2025-01-10,2290.28,2290.28,2261.45,2269.39,-1.54
2025-01-13,2250.53,2273.84,2248.99,2272.2,0.12
2025-01-14,2283.32,2286.12,2260.39,2275.78,0.16
2025-01-15,2308.66,2321.43,2302.95,2316.89,1.81
2025-01-16,2321.22,2322.59,2309.33,2311.47,-0.23
2025-01-17,2331.86,2341.06,2326.36,2334.0,0.97
2025-01-21,2346.08,2354.7,2338.15,2354.31,0.87
2025-01-22,2366.3,2373.45,2364.27,2367.36,0.55
2025-01-23,2365.34,2380.12,2364.26,2380.12,0.54
2025-01-24,2379.64,2383.61,2368.34,2372.49,-0.32
2025-01-27,2321.23,2339.71,2320.07,2338.82,-1.42
2025-01-28,2343.18,2361.66,2330.22,2357.11,0.78
2025-01-29,2354.98,2356.34,2337.57,2349.27,-0.33
2025-01-30,2356.05,2366.01,2343.09,2359.82,0.45
2025-01-31,2367.94,2378.19,2343.57,2346.96,-0.54
2025-02-03,2308.36,2340.1,2301.89,2329.75,-0.73
2025-02-04,2329.84,2347.64,2328.19,2345.69,0.68
2025-02-05,2341.15,2355.18,2332.84,2354.98,0.4
2025-02-06,2361.47,2362.91,2348.22,2362.43,0.32
2025-02-07,2364.07,2368.72,2337.19,2340.96,-0.91
2025-02-10,2352.36,2358.08,2347.35,2354.98,0.6
2025-02-11,2345.89,2359.14,2345.79,2356.82,0.08
2025-02-12,2333.32,2353.82,2330.32,2350.06,-0.29
2025-02-13,2352.86,2374.43,2348.69,2373.16,0.98
2025-02-14,2373.56,2377.23,2369.79,2371.62,-0.06
2025-02-17,2376.74,2377.9,2373.84,2377.47,0.25
2025-02-18,2377.23,2378.48,2366.89,2378.39,0.04
2025-02-19,2372.69,2385.36,2371.13,2382.65,0.18
2025-02-20,2378.59,2379.06,2360.98,2373.75,-0.37
2025-02-21,2373.46,2373.46,2330.8,2331.96,-1.76
2025-02-24,2340.86,2344.25,2319.1,2321.91,-0.43
2025-02-25,2319.98,2323.94,2291.93,2309.54,-0.53
2025-02-26,2316.21,2330.13,2300.15,2313.01,0.15
2025-02-27,2318.72,2323.75,2272.19,2273.26,-1.72
2025-02-28,2275.0,2309.82,2262.43,2306.73,1.47
2025-03-03,2315.23,2319.88,2252.27,2268.13,-1.67
2025-03-04,2251.5,2272.88,2222.3,2243.0,-1.11
2025-03-05,2239.8,2270.55,2224.9,2263.4,0.91
2025-03-06,2234.0,2251.79,2212.91,2222.2,-1.82
2025-03-07,2215.61,2240.1,2194.73,2233.71,0.52
2025-03-10,2201.6,2208.9,2155.47,2173.65,-2.69
2025-03-11,2170.94,2182.94,2141.15,2156.43,-0.79
2025-03-12,2179.26,2183.61,2147.2,2166.97,0.49
2025-03-13,2165.82,2167.76,2131.48,2138.94,-1.29
2025-03-14,2156.14,2185.16,2154.35,2179.26,1.89
2025-03-17,2199.37,2228.1,2199.32,2217.27,1.74
2025-03-18,2207.01,2208.94,2186.17,2193.38,-1.08
2025-03-19,2199.08,2232.07,2195.8,2216.59,1.06
2025-03-20,2202.65,2230.13,2199.08,2210.89,-0.26
2025-03-21,2188.73,2213.5,2186.7,2211.65,0.03
2025-03-24,2237.38,2253.35,2234.48,2249.27,1.7
2025-03-25,2253.35,2257.98,2247.54,2253.82,0.2
2025-03-26,2252.47,2257.02,2221.81,2228.39,-1.13
2025-03-27,2221.14,2235.83,2212.91,2220.36,-0.36
2025-03-28,2213.21,2216.98,2173.16,2175.59,-2.02
2025-03-31,2152.42,2194.25,2140.86,2187.1,0.53
2025-04-01,2181.68,2202.96,2166.5,2195.69,0.39
2025-04-02,2172.35,2220.17,2170.75,2209.14,0.61
2025-04-03,2132.31,2143.18,2100.15,2102.38,-4.83
2025-04-04,2050.57,2055.71,1974.52,1977.33,-5.95
2025-04-07,1911.47,2043.76,1882.88,1970.84,-0.33
2025-04-08,2040.28,2051.73,1911.61,1941.83,-1.47
2025-04-09,1929.16,2135.16,1926.79,2122.98,9.33
2025-04-10,2078.82,2084.05,1991.35,2050.73,-3.4
2025-04-11,2043.96,2095.56,2032.45,2086.23,1.73
2025-04-14,2124.9,2125.82,2086.07,2104.31,0.87
2025-04-15,2106.05,2121.77,2096.57,2099.86,-0.21
2025-04-16,2075.25,2088.93,2031.48,2053.25,-2.22
2025-04-17,2059.72,2073.16,2044.78,2055.27,0.1
2025-04-21,2032.94,2035.65,1983.75,2007.01,-2.35
2025-04-22,2028.48,2065.43,2025.78,2055.86,2.43
2025-04-23,2107.98,2127.18,2083.15,2088.74,1.6
2025-04-24,2092.51,2134.58,2088.6,2131.48,2.05
2025-04-25,2131.05,2148.7,2120.12,2146.37,0.7
2025-04-28,2150.82,2157.88,2125.11,2147.92,0.07
2025-04-29,2139.26,2165.23,2138.84,2160.02,0.56
2025-04-30,2133.27,2168.72,2110.54,2159.33,-0.03
2025-05-01,2184.0,2198.12,2173.75,2176.45,0.79
2025-05-02,2199.37,2214.47,2190.97,2207.21,1.41
2025-05-05,2192.22,2207.21,2187.97,2194.54,-0.57
2025-05-06,2172.49,2193.86,2169.19,2175.97,-0.85
2025-05-07,2180.81,2194.73,2165.14,2185.36,0.43
2025-05-08,2200.68,2220.84,2187.05,2198.99,0.62
2025-05-09,2205.32,2208.76,2190.77,2196.38,-0.12
2025-05-12,2264.07,2269.19,2246.08,2268.81,3.3
2025-05-13,2270.17,2292.61,2268.43,2283.81,0.66
2025-05-14,2288.25,2291.93,2278.59,2286.03,0.1
2025-05-15,2278.59,2299.57,2276.55,2296.48,0.46
2025-05-16,2300.34,2312.34,2292.11,2312.34,0.69
2025-05-19,2286.32,2316.21,2286.12,2314.56,0.1
2025-05-20,2306.44,2309.72,2292.98,2305.47,-0.39
2025-05-21,2287.68,2304.02,2262.43,2267.36,-1.65
2025-05-22,2264.94,2280.43,2260.31,2265.72,-0.07
2025-05-23,2237.09,2260.49,2236.61,2250.54,-0.67
2025-05-27,2278.68,2297.35,2270.27,2296.37,2.04
2025-05-28,2297.15,2302.56,2280.42,2282.93,-0.59
2025-05-29,2303.82,2304.11,2276.46,2291.93,0.39
2025-05-30,2285.83,2295.02,2264.46,2287.67,-0.19
2025-06-02,2281.09,2301.02,2271.23,2301.02,0.58
2025-06-03,2298.89,2317.66,2297.35,2313.59,0.55
2025-06-04,2316.26,2320.65,2311.17,2313.69,0.0
2025-06-05,2318.63,2324.23,2293.67,2301.22,-0.54
2025-06-06,2322.19,2330.72,2315.24,2323.36,0.96
2025-06-09,2327.09,2331.78,2321.23,2324.81,0.06
2025-06-10,2327.33,2340.1,2323.31,2338.74,0.6
2025-06-11,2342.61,2346.09,2323.6,2332.46,-0.27
2025-06-12,2326.26,2340.67,2324.53,2340.67,0.35
2025-06-13,2318.72,2332.55,2308.07,2313.49,-1.16
2025-06-16,2326.65,2342.22,2326.45,2335.64,0.96
2025-06-17,2325.29,2331.46,2312.15,2315.24,-0.87
2025-06-18,2318.05,2329.11,2311.07,2314.37,-0.04
2025-06-20,2346.77,2348.41,2322.58,2328.68,0.62
2025-06-23,2330.91,2352.48,2318.72,2350.73,0.95
2025-06-24,2367.85,2381.01,2364.08,2377.62,1.14
2025-06-25,2381.3,2382.94,2371.91,2377.61,0.0
2025-06-26,2385.36,2398.41,2382.84,2396.57,0.8
2025-06-27,2400.59,2413.5,2392.22,2407.11,0.44
2025-06-30,2417.18,2423.65,2407.98,2418.04,0.45
2025-07-01,2411.75,2422.2,2409.23,2417.37,-0.03
2025-07-02,2415.73,2427.9,2413.4,2427.52,0.42
2025-07-03,2434.96,2449.86,2434.38,2446.47,0.78
2025-07-07,2437.77,2440.29,2416.5,2428.1,-0.75
2025-07-08,2429.84,2432.75,2422.69,2425.98,-0.09
2025-07-09,2434.48,2442.99,2427.9,2439.8,0.57
2025-07-10,2440.1,2450.83,2435.73,2446.77,0.29
2025-07-11,2433.04,2442.03,2428.88,2436.99,-0.4
2025-07-14,2433.9,2442.9,2429.64,2441.06,0.17
2025-07-15,2452.48,2453.24,2430.42,2431.01,-0.41
2025-07-16,2436.12,2440.39,2414.51,2438.55,0.31
2025-07-17,2439.51,2454.7,2438.15,2452.85,0.59
2025-07-18,2456.92,2457.21,2446.29,2450.92,-0.08
2025-07-21,2454.5,2465.73,2453.05,2454.93,0.16
2025-07-22,2455.47,2457.89,2444.45,2454.69,-0.01
2025-07-23,2465.24,2475.3,2457.98,2475.3,0.84
2025-07-24,2476.46,2482.65,2474.43,2476.36,0.04
2025-07-25,2478.1,2487.77,2477.03,2485.94,0.39
2025-07-28,2487.29,2489.02,2479.35,2484.67,-0.05
2025-07-29,2490.09,2491.25,2474.42,2478.3,-0.26
2025-07-30,2480.62,2486.99,2463.11,2475.19,-0.13
2025-07-31,2494.34,2495.31,2459.82,2465.91,-0.37
2025-08-01,2438.97,2441.54,2413.89,2423.74,-1.71
2025-08-04,2437.96,2459.44,2437.86,2459.23,1.46
2025-08-05,2460.69,2464.85,2443.38,2447.15,-0.49
2025-08-06,2451.22,2467.76,2447.25,2464.37,0.7
2025-08-07,2477.9,2481.3,2450.64,2463.2,-0.05
2025-08-08,2468.92,2483.13,2468.14,2481.29,0.73
2025-08-11,2481.77,2487.78,2471.13,2475.59,-0.23
2025-08-12,2484.86,2502.77,2479.07,2501.99,1.07
2025-08-13,2510.3,2515.44,2501.79,2510.6,0.34
2025-08-14,2501.6,2512.82,2500.15,2510.11,-0.02
2025-08-15,2513.49,2514.27,2499.66,2503.54,-0.26
2025-08-18,2500.73,2504.8,2498.21,2502.77,-0.03
2025-08-19,2501.21,2505.28,2483.42,2488.36,-0.58
2025-08-20,2486.61,2487.68,2461.47,2481.09,-0.29
2025-08-21,2473.36,2480.52,2464.47,2471.32,-0.39
2025-08-22,2478.29,2513.01,2476.94,2508.08,1.49
2025-08-25,2502.86,2507.79,2496.67,2497.25,-0.43
2025-08-26,2495.32,2508.57,2493.09,2507.4,0.41
2025-08-27,2504.4,2515.34,2503.92,2512.73,0.21
2025-08-28,2514.27,2523.36,2507.16,2521.13,0.33
2025-08-29,2515.04,2515.24,2497.34,2504.75,-0.65
2025-09-02,2475.01,2486.42,2464.94,2485.83,-0.76
2025-09-03,2495.02,2500.64,2486.12,2498.22,0.5
2025-09-04,2500.82,2519.3,2497.63,2519.01,0.83
2025-09-05,2528.01,2530.61,2496.08,2511.07,-0.32
2025-09-08,2516.69,2520.85,2510.88,2516.68,0.22
2025-09-09,2517.26,2524.53,2510.4,2522.59,0.23
2025-09-10,2535.4,2538.55,2523.36,2529.75,0.28
2025-09-11,2536.41,2553.05,2534.67,2549.86,0.79
2025-09-12,2549.86,2554.98,2546.67,2548.41,-0.06
2025-09-15,2557.21,2562.14,2555.85,2561.47,0.51
2025-09-16,2564.07,2564.66,2554.89,2557.69,-0.15
2025-09-17,2557.98,2564.31,2535.65,2555.03,-0.1
2025-09-18,2586.51,2598.51,2580.51,2588.84,1.32
2025-09-19,2596.57,2603.97,2586.99,2600.25,0.44
2025-09-22,2594.05,2613.79,2593.97,2611.95,0.45
2025-09-23,2611.08,2613.69,2592.7,2598.12,-0.53
2025-09-24,2602.66,2602.67,2583.51,2588.54,-0.37
2025-09-25,2576.75,2581.97,2562.62,2576.26,-0.47
2025-09-26,2582.06,2592.71,2575.48,2590.58,0.56
2025-09-29,2600.73,2603.64,2590.57,2597.39,0.26
2025-09-30,2593.48,2608.67,2589.32,2606.63,0.36
2025-10-01,2594.34,2618.63,2593.96,2615.43,0.34
2025-10-02,2622.59,2622.79,2608.07,2617.94,0.1
2025-10-03,2619.59,2630.43,2613.02,2616.69,-0.05
2025-10-06,2626.17,2629.55,2617.65,2626.16,0.36
2025-10-07,2629.75,2631.2,2610.3,2616.01,-0.39
2025-10-08,2620.65,2631.77,2616.88,2631.2,0.58
2025-10-09,2632.07,2634.19,2615.53,2623.07,-0.31
2025-10-10,2624.61,2632.94,2550.15,2551.69,-2.72
2025-10-13,2580.71,2596.19,2577.23,2590.0,1.5
2025-10-14,2566.21,2600.53,2550.73,2586.52,-0.13
2025-10-15,2604.5,2617.55,2573.36,2597.25,0.41
2025-10-16,2604.22,2611.37,2565.82,2580.04,-0.66
2025-10-17,2575.48,2598.7,2569.01,2592.22,0.47
2025-10-20,2604.5,2623.95,2604.4,2620.36,1.09
2025-10-21,2620.46,2626.55,2614.94,2619.69,-0.03
2025-10-22,2622.4,2622.59,2588.44,2606.05,-0.52
2025-10-23,2606.63,2625.01,2605.96,2620.56,0.56
2025-10-24,2638.45,2646.38,2635.55,2640.67,0.77
2025-10-27,2663.49,2673.66,2660.4,2672.48,1.2
2025-10-28,2679.16,2686.52,2670.56,2679.26,0.25
2025-10-29,2685.73,2689.23,2662.87,2679.55,0.01
2025-10-30,2664.85,2674.04,2651.02,2651.69,-1.04
2025-10-31,2669.39,2670.08,2647.64,2659.23,0.28
2025-11-03,2672.01,2672.69,2649.86,2662.62,0.13
2025-11-04,2633.91,2649.57,2628.77,2631.58,-1.17
2025-11-05,2630.62,2652.77,2626.65,2639.98,0.32
2025-11-06,2634.97,2638.73,2605.09,2611.08,-1.09
2025-11-07,2600.44,2613.01,2574.8,2612.81,0.07
2025-11-10,2637.04,2655.86,2628.19,2652.37,1.51
2025-11-11,2646.56,2661.37,2642.41,2658.95,0.25
2025-11-12,2666.1,2666.3,2650.82,2660.11,0.04
2025-11-13,2648.41,2649.95,2609.81,2615.72,-1.67
2025-11-14,2590.38,2628.68,2580.71,2613.69,-0.08
2025-11-17,2605.08,2620.65,2576.06,2589.03,-0.94
2025-11-18,2575.1,2586.9,2551.11,2568.23,-0.8
2025-11-19,2569.88,2595.22,2561.85,2577.22,0.35
2025-11-20,2616.78,2626.94,2535.15,2537.18,-1.55
2025-11-21,2546.38,2583.12,2529.93,2561.65,0.96
2025-11-24,2575.68,2604.12,2571.33,2599.66,1.48
2025-11-25,2597.73,2627.52,2582.26,2623.45,0.92
2025-11-26,2632.5,2648.51,2629.54,2640.38,0.65
2025-11-28,2643.77,2655.08,2642.79,2653.73,0.51
2025-12-01,2636.22,2651.99,2635.25,2641.73,-0.45
2025-12-02,2648.31,2655.08,2637.57,2645.69,0.15
2025-12-03,2641.44,2658.76,2638.55,2654.6,0.34
2025-12-04,2660.39,2660.39,2644.92,2657.11,0.09
2025-12-05,2659.44,2671.14,2656.33,2660.3,0.12
2025-12-08,2664.17,2664.17,2644.25,2652.57,-0.29
2025-12-09,2649.28,2658.66,2647.92,2649.18,-0.13
2025-12-10,2646.86,2672.19,2642.5,2666.24,0.64
2025-12-11,2657.31,2672.78,2645.41,2672.39,0.23
2025-12-12,2669.2,2670.36,2632.64,2642.79,-1.11
2025-12-15,2658.07,2658.51,2633.03,2638.64,-0.16
2025-12-16,2632.64,2639.5,2616.15,2630.71,-0.3
2025-12-17,2635.16,2636.42,2601.01,2602.18,-1.08
2025-12-18,2645.41,2658.27,2635.26,2641.74,1.52
2025-12-19,2647.25,2666.69,2646.86,2664.37,0.86
2025-12-22,2677.71,2683.23,2672.68,2680.52,0.61
2025-12-23,2676.01,2693.81,2676.01,2692.79,0.46
2025-12-24,2692.02,2703.25,2691.45,2701.02,0.31
2025-12-26,2701.35,2705.56,2696.09,2700.34,-0.03
2025-12-29,2688.16,2695.4,2683.32,2690.77,-0.35
2025-12-30,2688.63,2692.9,2684.96,2687.0,-0.14
2025-12-31,2687.39,2687.48,2665.53,2665.92,-0.78
2026-01-02,2680.41,2684.38,2656.43,2669.39,0.13
2026-01-05,2681.19,2693.77,2681.19,2686.99,0.66
2026-01-06,2686.85,2704.5,2686.75,2702.75,0.59
2026-01-07,2703.43,2710.5,2692.42,2693.77,-0.33
2026-01-08,2689.61,2697.25,2684.87,2692.98,-0.03
2026-01-09,2696.87,2714.66,2690.96,2709.73,0.62
2026-01-12,2695.42,2717.56,2695.31,2714.18,0.16
2026-01-13,2716.11,2717.18,2698.98,2708.08,-0.22
2026-01-14,2696.72,2699.77,2678.34,2695.6,-0.46
2026-01-15,2711.66,2714.56,2698.32,2701.98,0.24
2026-01-16,2706.63,2708.46,2692.85,2698.89,-0.11
2026-01-20,2658.47,2671.04,2639.31,2643.19,-2.06
2026-01-21,2652.57,2686.61,2645.17,2673.07,1.13
2026-01-22,2690.19,2695.7,2679.45,2687.29,0.53
2026-01-23,2683.04,2693.96,2679.17,2686.61,-0.03
2026-01-26,2691.16,2705.96,2689.51,2700.24,0.51
2026-01-27,2706.25,2715.05,2703.44,2711.46,0.42
2026-01-28,2716.98,2719.79,2705.13,2709.25,-0.08
2026-01-29,2713.69,2716.11,2668.81,2704.5,-0.18
2026-01-30,2694.06,2704.02,2676.56,2693.96,-0.39
2026-02-02,2686.41,2714.56,2686.02,2708.75,0.55
2026-02-03,2711.52,2714.22,2663.98,2686.18,-0.83
2026-02-04,2688.07,2692.51,2654.8,2671.71,-0.54
2026-02-05,2651.68,2661.57,2631.48,2639.3,-1.21
2026-02-06,2653.35,2694.45,2650.92,2687.97,1.84
2026-02-09,2683.22,2707.98,2678.77,2700.83,0.48
2026-02-10,2704.02,2710.21,2691.35,2692.13,-0.32
2026-02-11,2710.65,2712.15,2681.58,2691.73,-0.01
2026-02-12,2700.25,2704.89,2646.96,2650.73,-1.52
2026-02-13,2650.82,2668.34,2634.68,2649.76,-0.04
2026-02-17,2643.77,2662.92,2627.14,2655.08,0.2
2026-02-18,2660.01,2678.97,2654.8,2667.27,0.46
2026-02-19,2657.79,2666.98,2648.98,2660.49,-0.25
2026-02-20,2651.02,2680.9,2648.98,2678.87,0.69
2026-02-23,2672.48,2680.81,2643.57,2651.31,-1.03
2026-02-24,2649.28,2674.03,2641.64,2670.85,0.74
2026-02-25,2681.1,2694.55,2680.72,2692.31,0.8
2026-02-26,2693.0,2693.38,2658.12,2677.23,-0.56
2026-02-27,2651.8,2666.59,2646.66,2664.56,-0.47
2026-03-02,2634.58,2673.26,2632.36,2664.36,-0.01
2026-03-03,2619.97,2649.67,2599.28,2640.67,-0.89
2026-03-04,2646.58,2666.79,2637.86,2660.35,0.75
2026-03-05,2646.77,2660.3,2621.71,2644.63,-0.59
2026-03-06,2611.51,2622.77,2598.07,2608.47,-1.37
2026-03-09,2583.42,2637.39,2569.39,2631.09,0.87
2026-03-10,2627.91,2650.48,2617.07,2626.27,-0.18
2026-03-11,2627.08,2637.0,2611.37,2622.69,-0.14
2026-03-12,2601.6,2604.02,2582.35,2582.64,-1.53
2026-03-13,2594.35,2606.14,2563.88,2567.18,-0.6
2026-03-16,2590.28,2604.69,2586.02,2593.67,1.03
2026-03-17,2605.96,2613.98,2597.44,2600.35,0.26
2026-03-18,2590.19,2595.13,2562.19,2563.35,-1.42
2026-03-19,2564.11,2588.6,2557.98,2575.97,0.49
2026-03-20,2571.23,2571.23,2523.84,2537.77,-1.48
2026-03-23,2577.81,2593.57,2559.44,2566.4,1.13
2026-03-24,2548.22,2570.85,2543.23,2556.25,-0.4
2026-03-25,2576.36,2585.84,2559.82,2569.19,0.51
2026-03-26,2549.76,2561.47,2522.4,2523.55,-1.78
2026-03-27,2512.52,2512.86,2475.29,2480.04,-1.72
2026-03-30,2501.89,2503.06,2460.2,2471.23,-0.36
2026-03-31,2498.07,2546.27,2494.15,2541.15,2.83
2026-04-01,2555.47,2573.84,2552.48,2559.92,0.74
2026-04-02,2525.11,2570.17,2520.17,2561.18,0.05
2026-04-06,2562.33,2576.36,2560.4,2573.16,0.47
2026-04-07,2564.27,2575.78,2542.8,2575.39,0.09
2026-04-08,2642.6,2644.16,2623.36,2640.04,2.51
2026-04-09,2634.97,2659.72,2631.29,2654.5,0.55
2026-04-10,2659.05,2662.53,2648.55,2652.56,-0.07
2026-04-13,2643.76,2678.77,2640.96,2677.91,0.96
2026-04-14,2684.29,2710.98,2683.91,2710.2,1.21
2026-04-15,2713.2,2732.84,2710.11,2730.81,0.76
2026-04-16,2734.87,2742.42,2725.98,2737.1,0.23
2026-04-17,2755.66,2779.75,2753.54,2770.55,1.22
2026-04-20,2764.36,2769.59,2754.98,2765.43,-0.18
2026-04-21,2770.84,2774.62,2740.96,2746.96,-0.67
2026-04-22,2766.11,2774.77,2762.52,2773.75,0.98
2026-04-23,2766.25,2778.1,2739.12,2762.82,-0.39
2026-04-24,2771.62,2785.26,2764.18,2783.32,0.74
2026-04-27,2780.13,2789.32,2776.45,2787.67,0.16
2026-04-28,2772.58,2778.63,2764.65,2774.33,-0.48
2026-04-29,2771.43,2775.68,2761.18,2772.78,-0.06
2026-04-30,2785.45,2805.18,2768.91,2800.82,1.01
2026-05-01,2809.72,2824.14,2806.92,2806.92,0.22
2026-05-04,2804.45,2812.63,2785.55,2797.05,-0.35
2026-05-05,2811.47,2823.85,2810.4,2819.2,0.79
2026-05-06,2835.83,2860.98,2834.58,2857.89,1.37
2026-05-07,2861.66,2866.4,2841.77,2848.9,-0.31
2026-05-08,2861.37,2872.97,2859.83,2870.08,0.74
2026-05-11,2866.79,2883.81,2866.2,2877.33,0.25
2026-05-12,2868.81,2875.69,2848.6,2872.77,-0.16
2026-05-13,2874.23,2894.93,2862.44,2889.51,0.58
2026-05-14,2894.73,2916.69,2893.67,2911.46,0.76
2026-05-15,2884.38,2891.84,2870.65,2875.3,-1.24
2026-05-18,2878.1,2883.47,2852.77,2872.4,-0.1
2026-05-19,2856.72,2868.43,2845.12,2853.92,-0.64
2026-05-20,2861.17,2884.29,2853.83,2882.55,1.0
2026-05-21,2870.79,2896.18,2866.3,2887.48,0.17
2026-05-22,2900.54,2910.15,2893.29,2897.73,0.35
2026-05-26,2915.91,2922.69,2908.08,2915.43,0.61
2026-05-27,2918.13,2919.44,2907.21,2916.88,0.05
2026-05-28,2915.43,2934.77,2911.27,2932.75,0.54
2026-05-29,2935.94,2944.45,2931.48,2938.16,0.18
2026-06-01,2932.25,2951.41,2931.23,2945.42,0.25
2026-06-02,2939.02,2952.37,2938.15,2949.18,0.13
2026-06-03,2942.89,2945.71,2925.58,2929.84,-0.66
2026-06-04,2919.73,2944.45,2917.65,2940.0,0.35
2026-06-05,2920.17,2921.52,2854.98,2862.63,-2.63
2026-06-08,2885.93,2892.22,2864.41,2869.01,0.22
2026-06-09,2884.39,2897.83,2803.93,2859.63,-0.33
2026-06-10,2844.77,2864.37,2814.6,2815.81,-1.53
2026-06-11,2827.52,2870.26,2810.31,2861.57,1.63
2026-06-12,2871.13,2886.41,2849.96,2876.07,0.51
2026-06-15,2914.85,2933.9,2914.18,2925.68,1.72
2026-06-16,2951.4,2953.97,2933.51,2935.93,0.35
2026-06-17,2937.68,2941.55,2890.96,2898.89,-1.26
2026-06-18,2930.81,2932.73,2915.33,2927.13,0.97
2026-06-22,2929.46,2939.51,2911.95,2918.23,-0.3
2026-06-23,2873.85,2897.83,2868.63,2875.49,-1.46
2026-06-24,2879.93,2899.91,2864.46,2873.75,-0.06
2026-06-25,2896.0,2897.63,2859.1,2872.35,-0.05
2026-06-26,2854.89,2885.45,2847.29,2852.28,-0.7
2026-06-29,2884.77,2903.06,2866.64,2900.3,1.68
2026-06-30,2900.63,2927.43,2899.77,2919.79,0.67
2026-07-01,2913.59,2931.97,2903.82,2918.33,-0.05
2026-07-02,2922.2,2937.48,2893.67,2911.57,-0.23
2026-07-06,2923.85,2940.77,2921.86,2936.32,0.85
2026-07-07,2932.35,2935.2,2912.92,2921.82,-0.49
2026-07-08,2905.09,2915.34,2889.66,2912.05,-0.33
2026-07-09,2919.64,2938.06,2912.91,2935.73,0.81
2026-07-10,2936.42,2950.3,2923.31,2948.32,0.43
2026-07-13,2937.87,2943.96,2921.62,2925.59,-0.77
2026-07-14,2932.64,2940.91,2923.55,2936.23,0.36
2026-07-15,2943.58,2950.15,2929.36,2946.76,0.36
2026-07-16,2938.36,2945.7,2920.08,2931.48,-0.52
2026-07-17,2896.66,2916.31,2890.97,2899.57,-1.09
2026-07-20,2913.79,2921.23,2893.04,2895.6,-0.14
2026-07-21,2910.2,2922.2,2903.34,2918.63,0.8
2026-07-22,2911.46,2925.69,2911.37,2916.21,-0.08
2026-07-23,2883.42,2895.98,2867.36,2879.45,-1.26
2026-07-24,2881.33,2899.96,2875.19,2881.38,0.07
2026-07-27,2905.27,2906.63,2869.01,2881.19,-0.01
2026-07-28,2882.75,2895.79,2869.48,2887.19,0.21
2026-07-29,2886.7,2894.64,2842.02,2845.61,-1.44
2026-07-30,2865.81,2893.0,2862.33,2889.12,1.53
2026-07-31,2900.35,2917.17,2873.55,2908.56,0.67
2026-08-03,2922.0,2954.6,2918.63,2951.32,1.47
2026-08-04,2963.21,3011.86,2962.15,3002.95,1.75
2026-08-05,3020.66,3025.11,2996.96,2997.54,-0.18
2026-08-06,2998.99,3005.09,2988.35,2993.47,-0.14
2026-08-07,3000.73,3012.24,2995.7,3009.15,0.52
2026-08-10,3006.15,3016.2,3004.22,3008.66,-0.02
2026-08-11,3014.56,3014.56,2994.16,2998.12,-0.35
2026-08-12,3014.27,3014.75,3002.08,3006.14,0.27
2026-08-13,3014.56,3032.17,3011.95,3025.97,0.66
2026-08-14,3028.39,3029.17,3016.1,3019.49,-0.21
2026-08-17,3019.5,3020.95,3004.4,3005.47,-0.46
2026-08-18,2989.71,2992.32,2982.93,2984.73,-0.69
2026-08-19,2997.25,3003.73,2986.99,2990.58,0.2
2026-08-20,2978.0,2986.32,2963.21,2964.56,-0.87
2026-08-21,2976.65,2984.0,2969.78,2975.59,0.37
2026-08-24,2971.52,2973.46,2961.46,2966.79,-0.3
2026-08-25,2977.43,2978.88,2965.96,2974.91,0.27
2026-08-26,2971.33,2980.67,2967.65,2975.68,0.03
2026-08-27,2984.77,3000.15,2979.94,2995.32,0.66
2026-08-28,2996.96,3010.5,2983.33,2986.32,-0.3
2026-08-31,2979.59,2981.77,2969.01,2976.75,-0.32
2026-09-01,2958.46,2968.53,2948.41,2956.92,-0.67
2026-09-02,2960.7,2975.1,2956.82,2970.27,0.45
2026-09-03,2980.43,3004.31,2979.01,3000.53,1.02
2026-09-04,2994.92,2998.32,2983.32,2987.78,-0.42
2026-09-08,2983.42,2985.55,2968.24,2971.62,-0.54
2026-09-09,2964.17,2964.56,2951.5,2957.11,-0.49
2026-09-10,2939.7,2947.45,2934.58,2939.61,-0.59
2026-09-11,2967.46,2971.53,2960.69,2962.62,0.78
2026-09-14,2969.2,2986.32,2964.27,2976.07,0.45
2026-09-15,2973.46,2973.61,2956.92,2962.04,-0.47
2026-09-16,2970.55,2977.96,2930.52,2949.09,-0.44
2026-09-17,2984.48,2984.77,2971.23,2981.29,1.09
2026-09-18,2980.9,2985.69,2969.1,2982.94,0.06
2026-09-21,3001.5,3035.64,3001.32,3030.03,1.58
